ISO-10303-21;
HEADER;
FILE_DESCRIPTION(('FreeCAD Model'),'2;1');
FILE_NAME('Open CASCADE Shape Model','2026-10-07T11:31:25',('FreeCAD'),(
    'FreeCAD'),'Open CASCADE STEP processor 7.6','FreeCAD','Unknown');
FILE_SCHEMA(('AUTOMOTIVE_DESIGN { 1 0 10303 214 1 1 1 1 }'));
ENDSEC;
DATA;
#1 = APPLICATION_PROTOCOL_DEFINITION('international standard',
  'automotive_design',2000,#2);
#2 = APPLICATION_CONTEXT(
  'core data for automotive mechanical design processes');
#3 = SHAPE_DEFINITION_REPRESENTATION(#4,#10);
#4 = PRODUCT_DEFINITION_SHAPE('','',#5);
#5 = PRODUCT_DEFINITION('design','',#6,#9);
#6 = PRODUCT_DEFINITION_FORMATION('','',#7);
#7 = PRODUCT('Open CASCADE STEP translator 7.6 1',
  'Open CASCADE STEP translator 7.6 1','',(#8));
#8 = PRODUCT_CONTEXT('',#2,'mechanical');
#9 = PRODUCT_DEFINITION_CONTEXT('part definition',#2,'design');
#10 = ADVANCED_BREP_SHAPE_REPRESENTATION('',(#11,#15),#2430);
#11 = AXIS2_PLACEMENT_3D('',#12,#13,#14);
#12 = CARTESIAN_POINT('',(0.,0.,0.));
#13 = DIRECTION('',(0.,0.,1.));
#14 = DIRECTION('',(1.,0.,-0.));
#15 = MANIFOLD_SOLID_BREP('',#16);
#16 = CLOSED_SHELL('',(#17,#57,#153,#218,#240,#265,#296,#327,#488,#519,
    #543,#567,#584,#608,#762,#779,#810,#834,#858,#875,#900,#942,#964,
    #1003,#1020,#1054,#1093,#1110,#1149,#1166,#1183,#1195,#1212,#1224,
    #1388,#1439,#1450,#1460,#1624,#1675,#1686,#1696,#1865,#1914,#2083,
    #2132,#2143,#2153,#2164,#2174,#2220,#2245,#2254,#2279,#2288,#2334,
    #2359,#2368,#2393,#2402,#2416));
#17 = ADVANCED_FACE('',(#18),#52,.F.);
#18 = FACE_BOUND('',#19,.F.);
#19 = EDGE_LOOP('',(#20,#30,#38,#46));
#20 = ORIENTED_EDGE('',*,*,#21,.F.);
#21 = EDGE_CURVE('',#22,#24,#26,.T.);
#22 = VERTEX_POINT('',#23);
#23 = CARTESIAN_POINT('',(-45.,75.,0.));
#24 = VERTEX_POINT('',#25);
#25 = CARTESIAN_POINT('',(-45.,0.,8.326672684689E-15));
#26 = LINE('',#27,#28);
#27 = CARTESIAN_POINT('',(-45.,75.,0.));
#28 = VECTOR('',#29,1.);
#29 = DIRECTION('',(0.,-1.,1.110223024625E-16));
#30 = ORIENTED_EDGE('',*,*,#31,.T.);
#31 = EDGE_CURVE('',#22,#32,#34,.T.);
#32 = VERTEX_POINT('',#33);
#33 = CARTESIAN_POINT('',(-45.,75.,40.));
#34 = LINE('',#35,#36);
#35 = CARTESIAN_POINT('',(-45.,75.,0.));
#36 = VECTOR('',#37,1.);
#37 = DIRECTION('',(0.,1.110223024625E-16,1.));
#38 = ORIENTED_EDGE('',*,*,#39,.T.);
#39 = EDGE_CURVE('',#32,#40,#42,.T.);
#40 = VERTEX_POINT('',#41);
#41 = CARTESIAN_POINT('',(-45.,0.,40.));
#42 = LINE('',#43,#44);
#43 = CARTESIAN_POINT('',(-45.,75.,40.));
#44 = VECTOR('',#45,1.);
#45 = DIRECTION('',(0.,-1.,1.110223024625E-16));
#46 = ORIENTED_EDGE('',*,*,#47,.F.);
#47 = EDGE_CURVE('',#24,#40,#48,.T.);
#48 = LINE('',#49,#50);
#49 = CARTESIAN_POINT('',(-45.,0.,8.326672684689E-15));
#50 = VECTOR('',#51,1.);
#51 = DIRECTION('',(0.,1.110223024625E-16,1.));
#52 = PLANE('',#53);
#53 = AXIS2_PLACEMENT_3D('',#54,#55,#56);
#54 = CARTESIAN_POINT('',(-45.,75.,0.));
#55 = DIRECTION('',(1.,0.,0.));
#56 = DIRECTION('',(0.,-1.,1.110223024625E-16));
#57 = ADVANCED_FACE('',(#58,#83,#94),#148,.F.);
#58 = FACE_BOUND('',#59,.F.);
#59 = EDGE_LOOP('',(#60,#68,#69,#77));
#60 = ORIENTED_EDGE('',*,*,#61,.F.);
#61 = EDGE_CURVE('',#22,#62,#64,.T.);
#62 = VERTEX_POINT('',#63);
#63 = CARTESIAN_POINT('',(45.,75.,0.));
#64 = LINE('',#65,#66);
#65 = CARTESIAN_POINT('',(-45.,75.,0.));
#66 = VECTOR('',#67,1.);
#67 = DIRECTION('',(1.,0.,0.));
#68 = ORIENTED_EDGE('',*,*,#21,.T.);
#69 = ORIENTED_EDGE('',*,*,#70,.T.);
#70 = EDGE_CURVE('',#24,#71,#73,.T.);
#71 = VERTEX_POINT('',#72);
#72 = CARTESIAN_POINT('',(45.,0.,8.326672684689E-15));
#73 = LINE('',#74,#75);
#74 = CARTESIAN_POINT('',(-45.,0.,8.326672684689E-15));
#75 = VECTOR('',#76,1.);
#76 = DIRECTION('',(1.,0.,0.));
#77 = ORIENTED_EDGE('',*,*,#78,.F.);
#78 = EDGE_CURVE('',#62,#71,#79,.T.);
#79 = LINE('',#80,#81);
#80 = CARTESIAN_POINT('',(45.,75.,0.));
#81 = VECTOR('',#82,1.);
#82 = DIRECTION('',(0.,-1.,1.110223024625E-16));
#83 = FACE_BOUND('',#84,.F.);
#84 = EDGE_LOOP('',(#85));
#85 = ORIENTED_EDGE('',*,*,#86,.F.);
#86 = EDGE_CURVE('',#87,#87,#89,.T.);
#87 = VERTEX_POINT('',#88);
#88 = CARTESIAN_POINT('',(-6.368163355566E-15,11.5,7.04991620637E-15));
#89 = CIRCLE('',#90,26.);
#90 = AXIS2_PLACEMENT_3D('',#91,#92,#93);
#91 = CARTESIAN_POINT('',(0.,37.5,4.163336342344E-15));
#92 = DIRECTION('',(-0.,1.110223024625E-16,1.));
#93 = DIRECTION('',(0.,-1.,1.110223024625E-16));
#94 = FACE_BOUND('',#95,.F.);
#95 = EDGE_LOOP('',(#96,#107,#115,#124,#133,#141));
#96 = ORIENTED_EDGE('',*,*,#97,.F.);
#97 = EDGE_CURVE('',#98,#100,#102,.T.);
#98 = VERTEX_POINT('',#99);
#99 = CARTESIAN_POINT('',(-30.3,37.5,4.163336342344E-15));
#100 = VERTEX_POINT('',#101);
#101 = CARTESIAN_POINT('',(-7.421359602833E-15,7.2,7.527312106959E-15));
#102 = CIRCLE('',#103,30.3);
#103 = AXIS2_PLACEMENT_3D('',#104,#105,#106);
#104 = CARTESIAN_POINT('',(0.,37.5,4.163336342344E-15));
#105 = DIRECTION('',(-0.,1.110223024625E-16,1.));
#106 = DIRECTION('',(0.,-1.,1.110223024625E-16));
#107 = ORIENTED_EDGE('',*,*,#108,.T.);
#108 = EDGE_CURVE('',#98,#109,#111,.T.);
#109 = VERTEX_POINT('',#110);
#110 = CARTESIAN_POINT('',(-28.1,37.5,4.163336342344E-15));
#111 = LINE('',#112,#113);
#112 = CARTESIAN_POINT('',(-40.,37.5,4.163336342344E-15));
#113 = VECTOR('',#114,1.);
#114 = DIRECTION('',(1.,0.,0.));
#115 = ORIENTED_EDGE('',*,*,#116,.T.);
#116 = EDGE_CURVE('',#109,#117,#119,.T.);
#117 = VERTEX_POINT('',#118);
#118 = CARTESIAN_POINT('',(-6.882515011208E-15,9.4,7.283063041541E-15));
#119 = CIRCLE('',#120,28.1);
#120 = AXIS2_PLACEMENT_3D('',#121,#122,#123);
#121 = CARTESIAN_POINT('',(0.,37.5,4.163336342344E-15));
#122 = DIRECTION('',(-0.,1.110223024625E-16,1.));
#123 = DIRECTION('',(0.,-1.,1.110223024625E-16));
#124 = ORIENTED_EDGE('',*,*,#125,.T.);
#125 = EDGE_CURVE('',#117,#126,#128,.T.);
#126 = VERTEX_POINT('',#127);
#127 = CARTESIAN_POINT('',(28.1,37.5,4.163336342344E-15));
#128 = CIRCLE('',#129,28.1);
#129 = AXIS2_PLACEMENT_3D('',#130,#131,#132);
#130 = CARTESIAN_POINT('',(0.,37.5,4.163336342344E-15));
#131 = DIRECTION('',(-0.,1.110223024625E-16,1.));
#132 = DIRECTION('',(0.,-1.,1.110223024625E-16));
#133 = ORIENTED_EDGE('',*,*,#134,.T.);
#134 = EDGE_CURVE('',#126,#135,#137,.T.);
#135 = VERTEX_POINT('',#136);
#136 = CARTESIAN_POINT('',(30.3,37.5,4.163336342344E-15));
#137 = LINE('',#138,#139);
#138 = CARTESIAN_POINT('',(-40.,37.5,4.163336342344E-15));
#139 = VECTOR('',#140,1.);
#140 = DIRECTION('',(1.,0.,0.));
#141 = ORIENTED_EDGE('',*,*,#142,.F.);
#142 = EDGE_CURVE('',#100,#135,#143,.T.);
#143 = CIRCLE('',#144,30.3);
#144 = AXIS2_PLACEMENT_3D('',#145,#146,#147);
#145 = CARTESIAN_POINT('',(0.,37.5,4.163336342344E-15));
#146 = DIRECTION('',(-0.,1.110223024625E-16,1.));
#147 = DIRECTION('',(0.,-1.,1.110223024625E-16));
#148 = PLANE('',#149);
#149 = AXIS2_PLACEMENT_3D('',#150,#151,#152);
#150 = CARTESIAN_POINT('',(-45.,75.,0.));
#151 = DIRECTION('',(0.,1.110223024625E-16,1.));
#152 = DIRECTION('',(0.,-1.,1.110223024625E-16));
#153 = ADVANCED_FACE('',(#154,#179),#213,.T.);
#154 = FACE_BOUND('',#155,.T.);
#155 = EDGE_LOOP('',(#156,#164,#165,#173));
#156 = ORIENTED_EDGE('',*,*,#157,.F.);
#157 = EDGE_CURVE('',#32,#158,#160,.T.);
#158 = VERTEX_POINT('',#159);
#159 = CARTESIAN_POINT('',(45.,75.,40.));
#160 = LINE('',#161,#162);
#161 = CARTESIAN_POINT('',(-45.,75.,40.));
#162 = VECTOR('',#163,1.);
#163 = DIRECTION('',(1.,0.,0.));
#164 = ORIENTED_EDGE('',*,*,#39,.T.);
#165 = ORIENTED_EDGE('',*,*,#166,.T.);
#166 = EDGE_CURVE('',#40,#167,#169,.T.);
#167 = VERTEX_POINT('',#168);
#168 = CARTESIAN_POINT('',(45.,0.,40.));
#169 = LINE('',#170,#171);
#170 = CARTESIAN_POINT('',(-45.,0.,40.));
#171 = VECTOR('',#172,1.);
#172 = DIRECTION('',(1.,0.,0.));
#173 = ORIENTED_EDGE('',*,*,#174,.F.);
#174 = EDGE_CURVE('',#158,#167,#175,.T.);
#175 = LINE('',#176,#177);
#176 = CARTESIAN_POINT('',(45.,75.,40.));
#177 = VECTOR('',#178,1.);
#178 = DIRECTION('',(0.,-1.,1.110223024625E-16));
#179 = FACE_BOUND('',#180,.T.);
#180 = EDGE_LOOP('',(#181,#191,#199,#207));
#181 = ORIENTED_EDGE('',*,*,#182,.F.);
#182 = EDGE_CURVE('',#183,#185,#187,.T.);
#183 = VERTEX_POINT('',#184);
#184 = CARTESIAN_POINT('',(-42.6,2.4,40.));
#185 = VERTEX_POINT('',#186);
#186 = CARTESIAN_POINT('',(42.6,2.4,40.));
#187 = LINE('',#188,#189);
#188 = CARTESIAN_POINT('',(-43.8,2.4,40.));
#189 = VECTOR('',#190,1.);
#190 = DIRECTION('',(1.,0.,0.));
#191 = ORIENTED_EDGE('',*,*,#192,.T.);
#192 = EDGE_CURVE('',#183,#193,#195,.T.);
#193 = VERTEX_POINT('',#194);
#194 = CARTESIAN_POINT('',(-42.6,72.6,40.));
#195 = LINE('',#196,#197);
#196 = CARTESIAN_POINT('',(-42.6,73.8,40.));
#197 = VECTOR('',#198,1.);
#198 = DIRECTION('',(0.,1.,-1.110223024625E-16));
#199 = ORIENTED_EDGE('',*,*,#200,.T.);
#200 = EDGE_CURVE('',#193,#201,#203,.T.);
#201 = VERTEX_POINT('',#202);
#202 = CARTESIAN_POINT('',(42.6,72.6,40.));
#203 = LINE('',#204,#205);
#204 = CARTESIAN_POINT('',(-43.8,72.6,40.));
#205 = VECTOR('',#206,1.);
#206 = DIRECTION('',(1.,0.,0.));
#207 = ORIENTED_EDGE('',*,*,#208,.F.);
#208 = EDGE_CURVE('',#185,#201,#209,.T.);
#209 = LINE('',#210,#211);
#210 = CARTESIAN_POINT('',(42.6,73.8,40.));
#211 = VECTOR('',#212,1.);
#212 = DIRECTION('',(0.,1.,-1.110223024625E-16));
#213 = PLANE('',#214);
#214 = AXIS2_PLACEMENT_3D('',#215,#216,#217);
#215 = CARTESIAN_POINT('',(-45.,75.,40.));
#216 = DIRECTION('',(0.,1.110223024625E-16,1.));
#217 = DIRECTION('',(0.,-1.,1.110223024625E-16));
#218 = ADVANCED_FACE('',(#219),#235,.T.);
#219 = FACE_BOUND('',#220,.T.);
#220 = EDGE_LOOP('',(#221,#222,#228,#229));
#221 = ORIENTED_EDGE('',*,*,#78,.F.);
#222 = ORIENTED_EDGE('',*,*,#223,.T.);
#223 = EDGE_CURVE('',#62,#158,#224,.T.);
#224 = LINE('',#225,#226);
#225 = CARTESIAN_POINT('',(45.,75.,0.));
#226 = VECTOR('',#227,1.);
#227 = DIRECTION('',(0.,1.110223024625E-16,1.));
#228 = ORIENTED_EDGE('',*,*,#174,.T.);
#229 = ORIENTED_EDGE('',*,*,#230,.F.);
#230 = EDGE_CURVE('',#71,#167,#231,.T.);
#231 = LINE('',#232,#233);
#232 = CARTESIAN_POINT('',(45.,0.,8.326672684689E-15));
#233 = VECTOR('',#234,1.);
#234 = DIRECTION('',(0.,1.110223024625E-16,1.));
#235 = PLANE('',#236);
#236 = AXIS2_PLACEMENT_3D('',#237,#238,#239);
#237 = CARTESIAN_POINT('',(45.,75.,0.));
#238 = DIRECTION('',(1.,0.,0.));
#239 = DIRECTION('',(0.,-1.,1.110223024625E-16));
#240 = ADVANCED_FACE('',(#241),#260,.F.);
#241 = FACE_BOUND('',#242,.F.);
#242 = EDGE_LOOP('',(#243,#252,#258,#259));
#243 = ORIENTED_EDGE('',*,*,#244,.F.);
#244 = EDGE_CURVE('',#245,#245,#247,.T.);
#245 = VERTEX_POINT('',#246);
#246 = CARTESIAN_POINT('',(-6.368163355566E-15,11.5,2.4));
#247 = CIRCLE('',#248,26.);
#248 = AXIS2_PLACEMENT_3D('',#249,#250,#251);
#249 = CARTESIAN_POINT('',(0.,37.5,2.4));
#250 = DIRECTION('',(-0.,1.110223024625E-16,1.));
#251 = DIRECTION('',(0.,-1.,1.110223024625E-16));
#252 = ORIENTED_EDGE('',*,*,#253,.F.);
#253 = EDGE_CURVE('',#87,#245,#254,.T.);
#254 = LINE('',#255,#256);
#255 = CARTESIAN_POINT('',(-6.368163355566E-15,11.5,-1.));
#256 = VECTOR('',#257,1.);
#257 = DIRECTION('',(0.,1.110223024625E-16,1.));
#258 = ORIENTED_EDGE('',*,*,#86,.T.);
#259 = ORIENTED_EDGE('',*,*,#253,.T.);
#260 = CYLINDRICAL_SURFACE('',#261,26.);
#261 = AXIS2_PLACEMENT_3D('',#262,#263,#264);
#262 = CARTESIAN_POINT('',(0.,37.5,-1.));
#263 = DIRECTION('',(0.,1.110223024625E-16,1.));
#264 = DIRECTION('',(0.,-1.,1.110223024625E-16));
#265 = ADVANCED_FACE('',(#266),#291,.T.);
#266 = FACE_BOUND('',#267,.T.);
#267 = EDGE_LOOP('',(#268,#276,#277,#285));
#268 = ORIENTED_EDGE('',*,*,#269,.F.);
#269 = EDGE_CURVE('',#126,#270,#272,.T.);
#270 = VERTEX_POINT('',#271);
#271 = CARTESIAN_POINT('',(28.1,37.5,0.6));
#272 = LINE('',#273,#274);
#273 = CARTESIAN_POINT('',(28.1,37.5,-1.2));
#274 = VECTOR('',#275,1.);
#275 = DIRECTION('',(0.,1.110223024625E-16,1.));
#276 = ORIENTED_EDGE('',*,*,#134,.T.);
#277 = ORIENTED_EDGE('',*,*,#278,.T.);
#278 = EDGE_CURVE('',#135,#279,#281,.T.);
#279 = VERTEX_POINT('',#280);
#280 = CARTESIAN_POINT('',(30.3,37.5,0.6));
#281 = LINE('',#282,#283);
#282 = CARTESIAN_POINT('',(30.3,37.5,-1.));
#283 = VECTOR('',#284,1.);
#284 = DIRECTION('',(0.,1.110223024625E-16,1.));
#285 = ORIENTED_EDGE('',*,*,#286,.F.);
#286 = EDGE_CURVE('',#270,#279,#287,.T.);
#287 = LINE('',#288,#289);
#288 = CARTESIAN_POINT('',(-17.5,37.5,0.6));
#289 = VECTOR('',#290,1.);
#290 = DIRECTION('',(1.,0.,0.));
#291 = PLANE('',#292);
#292 = AXIS2_PLACEMENT_3D('',#293,#294,#295);
#293 = CARTESIAN_POINT('',(-35.,37.5,-5.));
#294 = DIRECTION('',(0.,-1.,1.110223024625E-16));
#295 = DIRECTION('',(1.,0.,0.));
#296 = ADVANCED_FACE('',(#297),#322,.T.);
#297 = FACE_BOUND('',#298,.T.);
#298 = EDGE_LOOP('',(#299,#307,#308,#316));
#299 = ORIENTED_EDGE('',*,*,#300,.F.);
#300 = EDGE_CURVE('',#98,#301,#303,.T.);
#301 = VERTEX_POINT('',#302);
#302 = CARTESIAN_POINT('',(-30.3,37.5,0.6));
#303 = LINE('',#304,#305);
#304 = CARTESIAN_POINT('',(-30.3,37.5,-1.));
#305 = VECTOR('',#306,1.);
#306 = DIRECTION('',(0.,1.110223024625E-16,1.));
#307 = ORIENTED_EDGE('',*,*,#108,.T.);
#308 = ORIENTED_EDGE('',*,*,#309,.T.);
#309 = EDGE_CURVE('',#109,#310,#312,.T.);
#310 = VERTEX_POINT('',#311);
#311 = CARTESIAN_POINT('',(-28.1,37.5,0.6));
#312 = LINE('',#313,#314);
#313 = CARTESIAN_POINT('',(-28.1,37.5,-1.2));
#314 = VECTOR('',#315,1.);
#315 = DIRECTION('',(0.,1.110223024625E-16,1.));
#316 = ORIENTED_EDGE('',*,*,#317,.F.);
#317 = EDGE_CURVE('',#301,#310,#318,.T.);
#318 = LINE('',#319,#320);
#319 = CARTESIAN_POINT('',(-17.5,37.5,0.6));
#320 = VECTOR('',#321,1.);
#321 = DIRECTION('',(1.,0.,0.));
#322 = PLANE('',#323);
#323 = AXIS2_PLACEMENT_3D('',#324,#325,#326);
#324 = CARTESIAN_POINT('',(-35.,37.5,-5.));
#325 = DIRECTION('',(0.,-1.,1.110223024625E-16));
#326 = DIRECTION('',(1.,0.,0.));
#327 = ADVANCED_FACE('',(#328,#449),#483,.F.);
#328 = FACE_BOUND('',#329,.F.);
#329 = EDGE_LOOP('',(#330,#340,#348,#356,#364,#372,#380,#388,#396,#404,
    #412,#418,#419,#427,#435,#443));
#330 = ORIENTED_EDGE('',*,*,#331,.F.);
#331 = EDGE_CURVE('',#332,#334,#336,.T.);
#332 = VERTEX_POINT('',#333);
#333 = CARTESIAN_POINT('',(-42.6,2.4,8.4));
#334 = VERTEX_POINT('',#335);
#335 = CARTESIAN_POINT('',(-42.6,2.4,31.6));
#336 = LINE('',#337,#338);
#337 = CARTESIAN_POINT('',(-42.6,2.4,2.4));
#338 = VECTOR('',#339,1.);
#339 = DIRECTION('',(0.,1.110223024625E-16,1.));
#340 = ORIENTED_EDGE('',*,*,#341,.F.);
#341 = EDGE_CURVE('',#342,#332,#344,.T.);
#342 = VERTEX_POINT('',#343);
#343 = CARTESIAN_POINT('',(-36.6,2.4,8.4));
#344 = LINE('',#345,#346);
#345 = CARTESIAN_POINT('',(-42.6,2.4,8.4));
#346 = VECTOR('',#347,1.);
#347 = DIRECTION('',(-1.,-0.,0.));
#348 = ORIENTED_EDGE('',*,*,#349,.F.);
#349 = EDGE_CURVE('',#350,#342,#352,.T.);
#350 = VERTEX_POINT('',#351);
#351 = CARTESIAN_POINT('',(-36.6,2.4,2.4));
#352 = LINE('',#353,#354);
#353 = CARTESIAN_POINT('',(-36.6,2.4,2.4));
#354 = VECTOR('',#355,1.);
#355 = DIRECTION('',(0.,1.110223024625E-16,1.));
#356 = ORIENTED_EDGE('',*,*,#357,.T.);
#357 = EDGE_CURVE('',#350,#358,#360,.T.);
#358 = VERTEX_POINT('',#359);
#359 = CARTESIAN_POINT('',(36.6,2.4,2.4));
#360 = LINE('',#361,#362);
#361 = CARTESIAN_POINT('',(-42.6,2.4,2.4));
#362 = VECTOR('',#363,1.);
#363 = DIRECTION('',(1.,0.,0.));
#364 = ORIENTED_EDGE('',*,*,#365,.T.);
#365 = EDGE_CURVE('',#358,#366,#368,.T.);
#366 = VERTEX_POINT('',#367);
#367 = CARTESIAN_POINT('',(36.6,2.4,8.4));
#368 = LINE('',#369,#370);
#369 = CARTESIAN_POINT('',(36.6,2.4,2.4));
#370 = VECTOR('',#371,1.);
#371 = DIRECTION('',(0.,1.110223024625E-16,1.));
#372 = ORIENTED_EDGE('',*,*,#373,.F.);
#373 = EDGE_CURVE('',#374,#366,#376,.T.);
#374 = VERTEX_POINT('',#375);
#375 = CARTESIAN_POINT('',(42.6,2.4,8.4));
#376 = LINE('',#377,#378);
#377 = CARTESIAN_POINT('',(-3.,2.4,8.4));
#378 = VECTOR('',#379,1.);
#379 = DIRECTION('',(-1.,-0.,0.));
#380 = ORIENTED_EDGE('',*,*,#381,.T.);
#381 = EDGE_CURVE('',#374,#382,#384,.T.);
#382 = VERTEX_POINT('',#383);
#383 = CARTESIAN_POINT('',(42.6,2.4,31.6));
#384 = LINE('',#385,#386);
#385 = CARTESIAN_POINT('',(42.6,2.4,2.4));
#386 = VECTOR('',#387,1.);
#387 = DIRECTION('',(0.,1.110223024625E-16,1.));
#388 = ORIENTED_EDGE('',*,*,#389,.T.);
#389 = EDGE_CURVE('',#382,#390,#392,.T.);
#390 = VERTEX_POINT('',#391);
#391 = CARTESIAN_POINT('',(36.6,2.4,31.6));
#392 = LINE('',#393,#394);
#393 = CARTESIAN_POINT('',(-3.,2.4,31.6));
#394 = VECTOR('',#395,1.);
#395 = DIRECTION('',(-1.,-0.,0.));
#396 = ORIENTED_EDGE('',*,*,#397,.T.);
#397 = EDGE_CURVE('',#390,#398,#400,.T.);
#398 = VERTEX_POINT('',#399);
#399 = CARTESIAN_POINT('',(36.6,2.4,37.6));
#400 = LINE('',#401,#402);
#401 = CARTESIAN_POINT('',(36.6,2.4,17.));
#402 = VECTOR('',#403,1.);
#403 = DIRECTION('',(0.,1.110223024625E-16,1.));
#404 = ORIENTED_EDGE('',*,*,#405,.F.);
#405 = EDGE_CURVE('',#406,#398,#408,.T.);
#406 = VERTEX_POINT('',#407);
#407 = CARTESIAN_POINT('',(42.6,2.4,37.6));
#408 = LINE('',#409,#410);
#409 = CARTESIAN_POINT('',(-3.,2.4,37.6));
#410 = VECTOR('',#411,1.);
#411 = DIRECTION('',(-1.,-0.,0.));
#412 = ORIENTED_EDGE('',*,*,#413,.T.);
#413 = EDGE_CURVE('',#406,#185,#414,.T.);
#414 = LINE('',#415,#416);
#415 = CARTESIAN_POINT('',(42.6,2.4,2.4));
#416 = VECTOR('',#417,1.);
#417 = DIRECTION('',(0.,1.110223024625E-16,1.));
#418 = ORIENTED_EDGE('',*,*,#182,.F.);
#419 = ORIENTED_EDGE('',*,*,#420,.F.);
#420 = EDGE_CURVE('',#421,#183,#423,.T.);
#421 = VERTEX_POINT('',#422);
#422 = CARTESIAN_POINT('',(-42.6,2.4,37.6));
#423 = LINE('',#424,#425);
#424 = CARTESIAN_POINT('',(-42.6,2.4,2.4));
#425 = VECTOR('',#426,1.);
#426 = DIRECTION('',(0.,1.110223024625E-16,1.));
#427 = ORIENTED_EDGE('',*,*,#428,.F.);
#428 = EDGE_CURVE('',#429,#421,#431,.T.);
#429 = VERTEX_POINT('',#430);
#430 = CARTESIAN_POINT('',(-36.6,2.4,37.6));
#431 = LINE('',#432,#433);
#432 = CARTESIAN_POINT('',(-42.6,2.4,37.6));
#433 = VECTOR('',#434,1.);
#434 = DIRECTION('',(-1.,-0.,0.));
#435 = ORIENTED_EDGE('',*,*,#436,.F.);
#436 = EDGE_CURVE('',#437,#429,#439,.T.);
#437 = VERTEX_POINT('',#438);
#438 = CARTESIAN_POINT('',(-36.6,2.4,31.6));
#439 = LINE('',#440,#441);
#440 = CARTESIAN_POINT('',(-36.6,2.4,17.));
#441 = VECTOR('',#442,1.);
#442 = DIRECTION('',(0.,1.110223024625E-16,1.));
#443 = ORIENTED_EDGE('',*,*,#444,.T.);
#444 = EDGE_CURVE('',#437,#334,#445,.T.);
#445 = LINE('',#446,#447);
#446 = CARTESIAN_POINT('',(-42.6,2.4,31.6));
#447 = VECTOR('',#448,1.);
#448 = DIRECTION('',(-1.,-0.,0.));
#449 = FACE_BOUND('',#450,.F.);
#450 = EDGE_LOOP('',(#451,#461,#469,#477));
#451 = ORIENTED_EDGE('',*,*,#452,.T.);
#452 = EDGE_CURVE('',#453,#455,#457,.T.);
#453 = VERTEX_POINT('',#454);
#454 = CARTESIAN_POINT('',(25.,2.4,7.));
#455 = VERTEX_POINT('',#456);
#456 = CARTESIAN_POINT('',(-25.,2.4,7.));
#457 = LINE('',#458,#459);
#458 = CARTESIAN_POINT('',(-33.8,2.4,7.));
#459 = VECTOR('',#460,1.);
#460 = DIRECTION('',(-1.,-0.,0.));
#461 = ORIENTED_EDGE('',*,*,#462,.T.);
#462 = EDGE_CURVE('',#455,#463,#465,.T.);
#463 = VERTEX_POINT('',#464);
#464 = CARTESIAN_POINT('',(-25.,2.4,33.));
#465 = LINE('',#466,#467);
#466 = CARTESIAN_POINT('',(-25.,2.4,4.7));
#467 = VECTOR('',#468,1.);
#468 = DIRECTION('',(0.,1.110223024625E-16,1.));
#469 = ORIENTED_EDGE('',*,*,#470,.F.);
#470 = EDGE_CURVE('',#471,#463,#473,.T.);
#471 = VERTEX_POINT('',#472);
#472 = CARTESIAN_POINT('',(25.,2.4,33.));
#473 = LINE('',#474,#475);
#474 = CARTESIAN_POINT('',(-33.8,2.4,33.));
#475 = VECTOR('',#476,1.);
#476 = DIRECTION('',(-1.,-0.,0.));
#477 = ORIENTED_EDGE('',*,*,#478,.F.);
#478 = EDGE_CURVE('',#453,#471,#479,.T.);
#479 = LINE('',#480,#481);
#480 = CARTESIAN_POINT('',(25.,2.4,4.7));
#481 = VECTOR('',#482,1.);
#482 = DIRECTION('',(0.,1.110223024625E-16,1.));
#483 = PLANE('',#484);
#484 = AXIS2_PLACEMENT_3D('',#485,#486,#487);
#485 = CARTESIAN_POINT('',(-42.6,2.4,2.4));
#486 = DIRECTION('',(0.,-1.,1.110223024625E-16));
#487 = DIRECTION('',(1.,0.,0.));
#488 = ADVANCED_FACE('',(#489),#514,.T.);
#489 = FACE_BOUND('',#490,.T.);
#490 = EDGE_LOOP('',(#491,#499,#500,#508));
#491 = ORIENTED_EDGE('',*,*,#492,.F.);
#492 = EDGE_CURVE('',#453,#493,#495,.T.);
#493 = VERTEX_POINT('',#494);
#494 = CARTESIAN_POINT('',(25.,0.,7.));
#495 = LINE('',#496,#497);
#496 = CARTESIAN_POINT('',(25.,3.4,7.));
#497 = VECTOR('',#498,1.);
#498 = DIRECTION('',(0.,-1.,1.110223024625E-16));
#499 = ORIENTED_EDGE('',*,*,#452,.T.);
#500 = ORIENTED_EDGE('',*,*,#501,.T.);
#501 = EDGE_CURVE('',#455,#502,#504,.T.);
#502 = VERTEX_POINT('',#503);
#503 = CARTESIAN_POINT('',(-25.,0.,7.));
#504 = LINE('',#505,#506);
#505 = CARTESIAN_POINT('',(-25.,3.4,7.));
#506 = VECTOR('',#507,1.);
#507 = DIRECTION('',(0.,-1.,1.110223024625E-16));
#508 = ORIENTED_EDGE('',*,*,#509,.F.);
#509 = EDGE_CURVE('',#493,#502,#510,.T.);
#510 = LINE('',#511,#512);
#511 = CARTESIAN_POINT('',(-35.,0.,7.));
#512 = VECTOR('',#513,1.);
#513 = DIRECTION('',(-1.,-0.,0.));
#514 = PLANE('',#515);
#515 = AXIS2_PLACEMENT_3D('',#516,#517,#518);
#516 = CARTESIAN_POINT('',(-25.,3.4,7.));
#517 = DIRECTION('',(0.,1.110223024625E-16,1.));
#518 = DIRECTION('',(0.,-1.,1.110223024625E-16));
#519 = ADVANCED_FACE('',(#520),#538,.F.);
#520 = FACE_BOUND('',#521,.F.);
#521 = EDGE_LOOP('',(#522,#523,#524,#532));
#522 = ORIENTED_EDGE('',*,*,#492,.F.);
#523 = ORIENTED_EDGE('',*,*,#478,.T.);
#524 = ORIENTED_EDGE('',*,*,#525,.T.);
#525 = EDGE_CURVE('',#471,#526,#528,.T.);
#526 = VERTEX_POINT('',#527);
#527 = CARTESIAN_POINT('',(25.,0.,33.));
#528 = LINE('',#529,#530);
#529 = CARTESIAN_POINT('',(25.,3.4,33.));
#530 = VECTOR('',#531,1.);
#531 = DIRECTION('',(0.,-1.,1.110223024625E-16));
#532 = ORIENTED_EDGE('',*,*,#533,.F.);
#533 = EDGE_CURVE('',#493,#526,#534,.T.);
#534 = LINE('',#535,#536);
#535 = CARTESIAN_POINT('',(25.,0.,3.5));
#536 = VECTOR('',#537,1.);
#537 = DIRECTION('',(0.,1.110223024625E-16,1.));
#538 = PLANE('',#539);
#539 = AXIS2_PLACEMENT_3D('',#540,#541,#542);
#540 = CARTESIAN_POINT('',(25.,3.4,7.));
#541 = DIRECTION('',(1.,0.,0.));
#542 = DIRECTION('',(0.,-1.,1.110223024625E-16));
#543 = ADVANCED_FACE('',(#544),#562,.T.);
#544 = FACE_BOUND('',#545,.T.);
#545 = EDGE_LOOP('',(#546,#547,#548,#556));
#546 = ORIENTED_EDGE('',*,*,#501,.F.);
#547 = ORIENTED_EDGE('',*,*,#462,.T.);
#548 = ORIENTED_EDGE('',*,*,#549,.T.);
#549 = EDGE_CURVE('',#463,#550,#552,.T.);
#550 = VERTEX_POINT('',#551);
#551 = CARTESIAN_POINT('',(-25.,0.,33.));
#552 = LINE('',#553,#554);
#553 = CARTESIAN_POINT('',(-25.,3.4,33.));
#554 = VECTOR('',#555,1.);
#555 = DIRECTION('',(0.,-1.,1.110223024625E-16));
#556 = ORIENTED_EDGE('',*,*,#557,.F.);
#557 = EDGE_CURVE('',#502,#550,#558,.T.);
#558 = LINE('',#559,#560);
#559 = CARTESIAN_POINT('',(-25.,0.,3.5));
#560 = VECTOR('',#561,1.);
#561 = DIRECTION('',(0.,1.110223024625E-16,1.));
#562 = PLANE('',#563);
#563 = AXIS2_PLACEMENT_3D('',#564,#565,#566);
#564 = CARTESIAN_POINT('',(-25.,3.4,7.));
#565 = DIRECTION('',(1.,0.,0.));
#566 = DIRECTION('',(0.,-1.,1.110223024625E-16));
#567 = ADVANCED_FACE('',(#568),#579,.F.);
#568 = FACE_BOUND('',#569,.F.);
#569 = EDGE_LOOP('',(#570,#571,#572,#573));
#570 = ORIENTED_EDGE('',*,*,#525,.F.);
#571 = ORIENTED_EDGE('',*,*,#470,.T.);
#572 = ORIENTED_EDGE('',*,*,#549,.T.);
#573 = ORIENTED_EDGE('',*,*,#574,.F.);
#574 = EDGE_CURVE('',#526,#550,#575,.T.);
#575 = LINE('',#576,#577);
#576 = CARTESIAN_POINT('',(-35.,0.,33.));
#577 = VECTOR('',#578,1.);
#578 = DIRECTION('',(-1.,-0.,0.));
#579 = PLANE('',#580);
#580 = AXIS2_PLACEMENT_3D('',#581,#582,#583);
#581 = CARTESIAN_POINT('',(-25.,3.4,33.));
#582 = DIRECTION('',(0.,1.110223024625E-16,1.));
#583 = DIRECTION('',(0.,-1.,1.110223024625E-16));
#584 = ADVANCED_FACE('',(#585),#603,.F.);
#585 = FACE_BOUND('',#586,.F.);
#586 = EDGE_LOOP('',(#587,#588,#596,#602));
#587 = ORIENTED_EDGE('',*,*,#413,.F.);
#588 = ORIENTED_EDGE('',*,*,#589,.F.);
#589 = EDGE_CURVE('',#590,#406,#592,.T.);
#590 = VERTEX_POINT('',#591);
#591 = CARTESIAN_POINT('',(42.6,72.6,37.6));
#592 = LINE('',#593,#594);
#593 = CARTESIAN_POINT('',(42.6,75.,37.6));
#594 = VECTOR('',#595,1.);
#595 = DIRECTION('',(0.,-1.,1.110223024625E-16));
#596 = ORIENTED_EDGE('',*,*,#597,.T.);
#597 = EDGE_CURVE('',#590,#201,#598,.T.);
#598 = LINE('',#599,#600);
#599 = CARTESIAN_POINT('',(42.6,72.6,2.4));
#600 = VECTOR('',#601,1.);
#601 = DIRECTION('',(0.,1.110223024625E-16,1.));
#602 = ORIENTED_EDGE('',*,*,#208,.F.);
#603 = PLANE('',#604);
#604 = AXIS2_PLACEMENT_3D('',#605,#606,#607);
#605 = CARTESIAN_POINT('',(42.6,72.6,2.4));
#606 = DIRECTION('',(1.,0.,0.));
#607 = DIRECTION('',(0.,-1.,1.110223024625E-16));
#608 = ADVANCED_FACE('',(#609,#723),#757,.T.);
#609 = FACE_BOUND('',#610,.T.);
#610 = EDGE_LOOP('',(#611,#621,#629,#637,#645,#653,#661,#669,#677,#685,
    #691,#692,#693,#701,#709,#717));
#611 = ORIENTED_EDGE('',*,*,#612,.F.);
#612 = EDGE_CURVE('',#613,#615,#617,.T.);
#613 = VERTEX_POINT('',#614);
#614 = CARTESIAN_POINT('',(-42.6,72.6,8.4));
#615 = VERTEX_POINT('',#616);
#616 = CARTESIAN_POINT('',(-42.6,72.6,31.6));
#617 = LINE('',#618,#619);
#618 = CARTESIAN_POINT('',(-42.6,72.6,2.4));
#619 = VECTOR('',#620,1.);
#620 = DIRECTION('',(0.,1.110223024625E-16,1.));
#621 = ORIENTED_EDGE('',*,*,#622,.F.);
#622 = EDGE_CURVE('',#623,#613,#625,.T.);
#623 = VERTEX_POINT('',#624);
#624 = CARTESIAN_POINT('',(-36.6,72.6,8.4));
#625 = LINE('',#626,#627);
#626 = CARTESIAN_POINT('',(-42.6,72.6,8.4));
#627 = VECTOR('',#628,1.);
#628 = DIRECTION('',(-1.,-0.,0.));
#629 = ORIENTED_EDGE('',*,*,#630,.F.);
#630 = EDGE_CURVE('',#631,#623,#633,.T.);
#631 = VERTEX_POINT('',#632);
#632 = CARTESIAN_POINT('',(-36.6,72.6,2.4));
#633 = LINE('',#634,#635);
#634 = CARTESIAN_POINT('',(-36.6,72.6,2.4));
#635 = VECTOR('',#636,1.);
#636 = DIRECTION('',(0.,1.110223024625E-16,1.));
#637 = ORIENTED_EDGE('',*,*,#638,.T.);
#638 = EDGE_CURVE('',#631,#639,#641,.T.);
#639 = VERTEX_POINT('',#640);
#640 = CARTESIAN_POINT('',(36.6,72.6,2.4));
#641 = LINE('',#642,#643);
#642 = CARTESIAN_POINT('',(-42.6,72.6,2.4));
#643 = VECTOR('',#644,1.);
#644 = DIRECTION('',(1.,0.,0.));
#645 = ORIENTED_EDGE('',*,*,#646,.T.);
#646 = EDGE_CURVE('',#639,#647,#649,.T.);
#647 = VERTEX_POINT('',#648);
#648 = CARTESIAN_POINT('',(36.6,72.6,8.4));
#649 = LINE('',#650,#651);
#650 = CARTESIAN_POINT('',(36.6,72.6,2.4));
#651 = VECTOR('',#652,1.);
#652 = DIRECTION('',(0.,1.110223024625E-16,1.));
#653 = ORIENTED_EDGE('',*,*,#654,.F.);
#654 = EDGE_CURVE('',#655,#647,#657,.T.);
#655 = VERTEX_POINT('',#656);
#656 = CARTESIAN_POINT('',(42.6,72.6,8.4));
#657 = LINE('',#658,#659);
#658 = CARTESIAN_POINT('',(-3.,72.6,8.4));
#659 = VECTOR('',#660,1.);
#660 = DIRECTION('',(-1.,-0.,0.));
#661 = ORIENTED_EDGE('',*,*,#662,.T.);
#662 = EDGE_CURVE('',#655,#663,#665,.T.);
#663 = VERTEX_POINT('',#664);
#664 = CARTESIAN_POINT('',(42.6,72.6,31.6));
#665 = LINE('',#666,#667);
#666 = CARTESIAN_POINT('',(42.6,72.6,2.4));
#667 = VECTOR('',#668,1.);
#668 = DIRECTION('',(0.,1.110223024625E-16,1.));
#669 = ORIENTED_EDGE('',*,*,#670,.T.);
#670 = EDGE_CURVE('',#663,#671,#673,.T.);
#671 = VERTEX_POINT('',#672);
#672 = CARTESIAN_POINT('',(36.6,72.6,31.6));
#673 = LINE('',#674,#675);
#674 = CARTESIAN_POINT('',(-3.,72.6,31.6));
#675 = VECTOR('',#676,1.);
#676 = DIRECTION('',(-1.,-0.,0.));
#677 = ORIENTED_EDGE('',*,*,#678,.T.);
#678 = EDGE_CURVE('',#671,#679,#681,.T.);
#679 = VERTEX_POINT('',#680);
#680 = CARTESIAN_POINT('',(36.6,72.6,37.6));
#681 = LINE('',#682,#683);
#682 = CARTESIAN_POINT('',(36.6,72.6,17.));
#683 = VECTOR('',#684,1.);
#684 = DIRECTION('',(0.,1.110223024625E-16,1.));
#685 = ORIENTED_EDGE('',*,*,#686,.F.);
#686 = EDGE_CURVE('',#590,#679,#687,.T.);
#687 = LINE('',#688,#689);
#688 = CARTESIAN_POINT('',(-3.,72.6,37.6));
#689 = VECTOR('',#690,1.);
#690 = DIRECTION('',(-1.,-0.,0.));
#691 = ORIENTED_EDGE('',*,*,#597,.T.);
#692 = ORIENTED_EDGE('',*,*,#200,.F.);
#693 = ORIENTED_EDGE('',*,*,#694,.F.);
#694 = EDGE_CURVE('',#695,#193,#697,.T.);
#695 = VERTEX_POINT('',#696);
#696 = CARTESIAN_POINT('',(-42.6,72.6,37.6));
#697 = LINE('',#698,#699);
#698 = CARTESIAN_POINT('',(-42.6,72.6,2.4));
#699 = VECTOR('',#700,1.);
#700 = DIRECTION('',(0.,1.110223024625E-16,1.));
#701 = ORIENTED_EDGE('',*,*,#702,.F.);
#702 = EDGE_CURVE('',#703,#695,#705,.T.);
#703 = VERTEX_POINT('',#704);
#704 = CARTESIAN_POINT('',(-36.6,72.6,37.6));
#705 = LINE('',#706,#707);
#706 = CARTESIAN_POINT('',(-42.6,72.6,37.6));
#707 = VECTOR('',#708,1.);
#708 = DIRECTION('',(-1.,-0.,0.));
#709 = ORIENTED_EDGE('',*,*,#710,.F.);
#710 = EDGE_CURVE('',#711,#703,#713,.T.);
#711 = VERTEX_POINT('',#712);
#712 = CARTESIAN_POINT('',(-36.6,72.6,31.6));
#713 = LINE('',#714,#715);
#714 = CARTESIAN_POINT('',(-36.6,72.6,17.));
#715 = VECTOR('',#716,1.);
#716 = DIRECTION('',(0.,1.110223024625E-16,1.));
#717 = ORIENTED_EDGE('',*,*,#718,.T.);
#718 = EDGE_CURVE('',#711,#615,#719,.T.);
#719 = LINE('',#720,#721);
#720 = CARTESIAN_POINT('',(-42.6,72.6,31.6));
#721 = VECTOR('',#722,1.);
#722 = DIRECTION('',(-1.,-0.,0.));
#723 = FACE_BOUND('',#724,.T.);
#724 = EDGE_LOOP('',(#725,#735,#743,#751));
#725 = ORIENTED_EDGE('',*,*,#726,.T.);
#726 = EDGE_CURVE('',#727,#729,#731,.T.);
#727 = VERTEX_POINT('',#728);
#728 = CARTESIAN_POINT('',(25.,72.6,7.));
#729 = VERTEX_POINT('',#730);
#730 = CARTESIAN_POINT('',(-25.,72.6,7.));
#731 = LINE('',#732,#733);
#732 = CARTESIAN_POINT('',(-33.8,72.6,7.));
#733 = VECTOR('',#734,1.);
#734 = DIRECTION('',(-1.,-0.,0.));
#735 = ORIENTED_EDGE('',*,*,#736,.T.);
#736 = EDGE_CURVE('',#729,#737,#739,.T.);
#737 = VERTEX_POINT('',#738);
#738 = CARTESIAN_POINT('',(-25.,72.6,33.));
#739 = LINE('',#740,#741);
#740 = CARTESIAN_POINT('',(-25.,72.6,4.7));
#741 = VECTOR('',#742,1.);
#742 = DIRECTION('',(0.,1.110223024625E-16,1.));
#743 = ORIENTED_EDGE('',*,*,#744,.F.);
#744 = EDGE_CURVE('',#745,#737,#747,.T.);
#745 = VERTEX_POINT('',#746);
#746 = CARTESIAN_POINT('',(25.,72.6,33.));
#747 = LINE('',#748,#749);
#748 = CARTESIAN_POINT('',(-33.8,72.6,33.));
#749 = VECTOR('',#750,1.);
#750 = DIRECTION('',(-1.,-0.,0.));
#751 = ORIENTED_EDGE('',*,*,#752,.F.);
#752 = EDGE_CURVE('',#727,#745,#753,.T.);
#753 = LINE('',#754,#755);
#754 = CARTESIAN_POINT('',(25.,72.6,4.7));
#755 = VECTOR('',#756,1.);
#756 = DIRECTION('',(0.,1.110223024625E-16,1.));
#757 = PLANE('',#758);
#758 = AXIS2_PLACEMENT_3D('',#759,#760,#761);
#759 = CARTESIAN_POINT('',(-42.6,72.6,2.4));
#760 = DIRECTION('',(0.,-1.,1.110223024625E-16));
#761 = DIRECTION('',(1.,0.,0.));
#762 = ADVANCED_FACE('',(#763),#774,.T.);
#763 = FACE_BOUND('',#764,.T.);
#764 = EDGE_LOOP('',(#765,#766,#772,#773));
#765 = ORIENTED_EDGE('',*,*,#420,.F.);
#766 = ORIENTED_EDGE('',*,*,#767,.F.);
#767 = EDGE_CURVE('',#695,#421,#768,.T.);
#768 = LINE('',#769,#770);
#769 = CARTESIAN_POINT('',(-42.6,75.,37.6));
#770 = VECTOR('',#771,1.);
#771 = DIRECTION('',(0.,-1.,1.110223024625E-16));
#772 = ORIENTED_EDGE('',*,*,#694,.T.);
#773 = ORIENTED_EDGE('',*,*,#192,.F.);
#774 = PLANE('',#775);
#775 = AXIS2_PLACEMENT_3D('',#776,#777,#778);
#776 = CARTESIAN_POINT('',(-42.6,72.6,2.4));
#777 = DIRECTION('',(1.,0.,0.));
#778 = DIRECTION('',(0.,-1.,1.110223024625E-16));
#779 = ADVANCED_FACE('',(#780),#805,.T.);
#780 = FACE_BOUND('',#781,.T.);
#781 = EDGE_LOOP('',(#782,#790,#798,#804));
#782 = ORIENTED_EDGE('',*,*,#783,.F.);
#783 = EDGE_CURVE('',#784,#727,#786,.T.);
#784 = VERTEX_POINT('',#785);
#785 = CARTESIAN_POINT('',(25.,75.,7.));
#786 = LINE('',#787,#788);
#787 = CARTESIAN_POINT('',(25.,76.,7.));
#788 = VECTOR('',#789,1.);
#789 = DIRECTION('',(0.,-1.,1.110223024625E-16));
#790 = ORIENTED_EDGE('',*,*,#791,.T.);
#791 = EDGE_CURVE('',#784,#792,#794,.T.);
#792 = VERTEX_POINT('',#793);
#793 = CARTESIAN_POINT('',(-25.,75.,7.));
#794 = LINE('',#795,#796);
#795 = CARTESIAN_POINT('',(-35.,75.,7.));
#796 = VECTOR('',#797,1.);
#797 = DIRECTION('',(-1.,-0.,0.));
#798 = ORIENTED_EDGE('',*,*,#799,.T.);
#799 = EDGE_CURVE('',#792,#729,#800,.T.);
#800 = LINE('',#801,#802);
#801 = CARTESIAN_POINT('',(-25.,76.,7.));
#802 = VECTOR('',#803,1.);
#803 = DIRECTION('',(0.,-1.,1.110223024625E-16));
#804 = ORIENTED_EDGE('',*,*,#726,.F.);
#805 = PLANE('',#806);
#806 = AXIS2_PLACEMENT_3D('',#807,#808,#809);
#807 = CARTESIAN_POINT('',(-25.,76.,7.));
#808 = DIRECTION('',(0.,1.110223024625E-16,1.));
#809 = DIRECTION('',(0.,-1.,1.110223024625E-16));
#810 = ADVANCED_FACE('',(#811),#829,.F.);
#811 = FACE_BOUND('',#812,.F.);
#812 = EDGE_LOOP('',(#813,#814,#822,#828));
#813 = ORIENTED_EDGE('',*,*,#783,.F.);
#814 = ORIENTED_EDGE('',*,*,#815,.T.);
#815 = EDGE_CURVE('',#784,#816,#818,.T.);
#816 = VERTEX_POINT('',#817);
#817 = CARTESIAN_POINT('',(25.,75.,33.));
#818 = LINE('',#819,#820);
#819 = CARTESIAN_POINT('',(25.,75.,3.5));
#820 = VECTOR('',#821,1.);
#821 = DIRECTION('',(0.,1.110223024625E-16,1.));
#822 = ORIENTED_EDGE('',*,*,#823,.T.);
#823 = EDGE_CURVE('',#816,#745,#824,.T.);
#824 = LINE('',#825,#826);
#825 = CARTESIAN_POINT('',(25.,76.,33.));
#826 = VECTOR('',#827,1.);
#827 = DIRECTION('',(0.,-1.,1.110223024625E-16));
#828 = ORIENTED_EDGE('',*,*,#752,.F.);
#829 = PLANE('',#830);
#830 = AXIS2_PLACEMENT_3D('',#831,#832,#833);
#831 = CARTESIAN_POINT('',(25.,76.,7.));
#832 = DIRECTION('',(1.,0.,0.));
#833 = DIRECTION('',(0.,-1.,1.110223024625E-16));
#834 = ADVANCED_FACE('',(#835),#853,.T.);
#835 = FACE_BOUND('',#836,.T.);
#836 = EDGE_LOOP('',(#837,#838,#846,#852));
#837 = ORIENTED_EDGE('',*,*,#799,.F.);
#838 = ORIENTED_EDGE('',*,*,#839,.T.);
#839 = EDGE_CURVE('',#792,#840,#842,.T.);
#840 = VERTEX_POINT('',#841);
#841 = CARTESIAN_POINT('',(-25.,75.,33.));
#842 = LINE('',#843,#844);
#843 = CARTESIAN_POINT('',(-25.,75.,3.5));
#844 = VECTOR('',#845,1.);
#845 = DIRECTION('',(0.,1.110223024625E-16,1.));
#846 = ORIENTED_EDGE('',*,*,#847,.T.);
#847 = EDGE_CURVE('',#840,#737,#848,.T.);
#848 = LINE('',#849,#850);
#849 = CARTESIAN_POINT('',(-25.,76.,33.));
#850 = VECTOR('',#851,1.);
#851 = DIRECTION('',(0.,-1.,1.110223024625E-16));
#852 = ORIENTED_EDGE('',*,*,#736,.F.);
#853 = PLANE('',#854);
#854 = AXIS2_PLACEMENT_3D('',#855,#856,#857);
#855 = CARTESIAN_POINT('',(-25.,76.,7.));
#856 = DIRECTION('',(1.,0.,0.));
#857 = DIRECTION('',(0.,-1.,1.110223024625E-16));
#858 = ADVANCED_FACE('',(#859),#870,.F.);
#859 = FACE_BOUND('',#860,.F.);
#860 = EDGE_LOOP('',(#861,#862,#868,#869));
#861 = ORIENTED_EDGE('',*,*,#823,.F.);
#862 = ORIENTED_EDGE('',*,*,#863,.T.);
#863 = EDGE_CURVE('',#816,#840,#864,.T.);
#864 = LINE('',#865,#866);
#865 = CARTESIAN_POINT('',(-35.,75.,33.));
#866 = VECTOR('',#867,1.);
#867 = DIRECTION('',(-1.,-0.,0.));
#868 = ORIENTED_EDGE('',*,*,#847,.T.);
#869 = ORIENTED_EDGE('',*,*,#744,.F.);
#870 = PLANE('',#871);
#871 = AXIS2_PLACEMENT_3D('',#872,#873,#874);
#872 = CARTESIAN_POINT('',(-25.,76.,33.));
#873 = DIRECTION('',(0.,1.110223024625E-16,1.));
#874 = DIRECTION('',(0.,-1.,1.110223024625E-16));
#875 = ADVANCED_FACE('',(#876,#892),#895,.T.);
#876 = FACE_BOUND('',#877,.T.);
#877 = EDGE_LOOP('',(#878,#879,#885,#886));
#878 = ORIENTED_EDGE('',*,*,#638,.F.);
#879 = ORIENTED_EDGE('',*,*,#880,.T.);
#880 = EDGE_CURVE('',#631,#350,#881,.T.);
#881 = LINE('',#882,#883);
#882 = CARTESIAN_POINT('',(-36.6,75.,2.4));
#883 = VECTOR('',#884,1.);
#884 = DIRECTION('',(0.,-1.,1.110223024625E-16));
#885 = ORIENTED_EDGE('',*,*,#357,.T.);
#886 = ORIENTED_EDGE('',*,*,#887,.F.);
#887 = EDGE_CURVE('',#639,#358,#888,.T.);
#888 = LINE('',#889,#890);
#889 = CARTESIAN_POINT('',(36.6,75.,2.4));
#890 = VECTOR('',#891,1.);
#891 = DIRECTION('',(0.,-1.,1.110223024625E-16));
#892 = FACE_BOUND('',#893,.T.);
#893 = EDGE_LOOP('',(#894));
#894 = ORIENTED_EDGE('',*,*,#244,.F.);
#895 = PLANE('',#896);
#896 = AXIS2_PLACEMENT_3D('',#897,#898,#899);
#897 = CARTESIAN_POINT('',(-42.6,72.6,2.4));
#898 = DIRECTION('',(0.,1.110223024625E-16,1.));
#899 = DIRECTION('',(0.,-1.,1.110223024625E-16));
#900 = ADVANCED_FACE('',(#901),#937,.F.);
#901 = FACE_BOUND('',#902,.F.);
#902 = EDGE_LOOP('',(#903,#912,#919,#920,#929,#936));
#903 = ORIENTED_EDGE('',*,*,#904,.T.);
#904 = EDGE_CURVE('',#301,#905,#907,.T.);
#905 = VERTEX_POINT('',#906);
#906 = CARTESIAN_POINT('',(-7.421359602833E-15,7.2,0.6));
#907 = CIRCLE('',#908,30.3);
#908 = AXIS2_PLACEMENT_3D('',#909,#910,#911);
#909 = CARTESIAN_POINT('',(0.,37.5,0.6));
#910 = DIRECTION('',(-0.,1.110223024625E-16,1.));
#911 = DIRECTION('',(0.,-1.,1.110223024625E-16));
#912 = ORIENTED_EDGE('',*,*,#913,.T.);
#913 = EDGE_CURVE('',#905,#279,#914,.T.);
#914 = CIRCLE('',#915,30.3);
#915 = AXIS2_PLACEMENT_3D('',#916,#917,#918);
#916 = CARTESIAN_POINT('',(0.,37.5,0.6));
#917 = DIRECTION('',(-0.,1.110223024625E-16,1.));
#918 = DIRECTION('',(0.,-1.,1.110223024625E-16));
#919 = ORIENTED_EDGE('',*,*,#286,.F.);
#920 = ORIENTED_EDGE('',*,*,#921,.F.);
#921 = EDGE_CURVE('',#922,#270,#924,.T.);
#922 = VERTEX_POINT('',#923);
#923 = CARTESIAN_POINT('',(-6.882515011208E-15,9.4,0.6));
#924 = CIRCLE('',#925,28.1);
#925 = AXIS2_PLACEMENT_3D('',#926,#927,#928);
#926 = CARTESIAN_POINT('',(0.,37.5,0.6));
#927 = DIRECTION('',(-0.,1.110223024625E-16,1.));
#928 = DIRECTION('',(0.,-1.,1.110223024625E-16));
#929 = ORIENTED_EDGE('',*,*,#930,.F.);
#930 = EDGE_CURVE('',#310,#922,#931,.T.);
#931 = CIRCLE('',#932,28.1);
#932 = AXIS2_PLACEMENT_3D('',#933,#934,#935);
#933 = CARTESIAN_POINT('',(0.,37.5,0.6));
#934 = DIRECTION('',(-0.,1.110223024625E-16,1.));
#935 = DIRECTION('',(0.,-1.,1.110223024625E-16));
#936 = ORIENTED_EDGE('',*,*,#317,.F.);
#937 = PLANE('',#938);
#938 = AXIS2_PLACEMENT_3D('',#939,#940,#941);
#939 = CARTESIAN_POINT('',(0.,37.5,0.6));
#940 = DIRECTION('',(0.,1.110223024625E-16,1.));
#941 = DIRECTION('',(0.,-1.,1.110223024625E-16));
#942 = ADVANCED_FACE('',(#943),#959,.T.);
#943 = FACE_BOUND('',#944,.T.);
#944 = EDGE_LOOP('',(#945,#946,#952,#953));
#945 = ORIENTED_EDGE('',*,*,#331,.F.);
#946 = ORIENTED_EDGE('',*,*,#947,.F.);
#947 = EDGE_CURVE('',#613,#332,#948,.T.);
#948 = LINE('',#949,#950);
#949 = CARTESIAN_POINT('',(-42.6,75.,8.4));
#950 = VECTOR('',#951,1.);
#951 = DIRECTION('',(0.,-1.,1.110223024625E-16));
#952 = ORIENTED_EDGE('',*,*,#612,.T.);
#953 = ORIENTED_EDGE('',*,*,#954,.T.);
#954 = EDGE_CURVE('',#615,#334,#955,.T.);
#955 = LINE('',#956,#957);
#956 = CARTESIAN_POINT('',(-42.6,75.,31.6));
#957 = VECTOR('',#958,1.);
#958 = DIRECTION('',(0.,-1.,1.110223024625E-16));
#959 = PLANE('',#960);
#960 = AXIS2_PLACEMENT_3D('',#961,#962,#963);
#961 = CARTESIAN_POINT('',(-42.6,72.6,2.4));
#962 = DIRECTION('',(1.,0.,0.));
#963 = DIRECTION('',(0.,-1.,1.110223024625E-16));
#964 = ADVANCED_FACE('',(#965,#976,#987),#998,.F.);
#965 = FACE_BOUND('',#966,.F.);
#966 = EDGE_LOOP('',(#967,#973,#974,#975));
#967 = ORIENTED_EDGE('',*,*,#968,.F.);
#968 = EDGE_CURVE('',#711,#437,#969,.T.);
#969 = LINE('',#970,#971);
#970 = CARTESIAN_POINT('',(-36.6,75.,31.6));
#971 = VECTOR('',#972,1.);
#972 = DIRECTION('',(0.,-1.,1.110223024625E-16));
#973 = ORIENTED_EDGE('',*,*,#718,.T.);
#974 = ORIENTED_EDGE('',*,*,#954,.T.);
#975 = ORIENTED_EDGE('',*,*,#444,.F.);
#976 = FACE_BOUND('',#977,.F.);
#977 = EDGE_LOOP('',(#978));
#978 = ORIENTED_EDGE('',*,*,#979,.T.);
#979 = EDGE_CURVE('',#980,#980,#982,.T.);
#980 = VERTEX_POINT('',#981);
#981 = CARTESIAN_POINT('',(-39.6,61.7,31.6));
#982 = CIRCLE('',#983,1.3);
#983 = AXIS2_PLACEMENT_3D('',#984,#985,#986);
#984 = CARTESIAN_POINT('',(-39.6,63.,31.6));
#985 = DIRECTION('',(-1.224646799147E-16,-1.110223024625E-16,-1.));
#986 = DIRECTION('',(0.,-1.,1.110223024625E-16));
#987 = FACE_BOUND('',#988,.F.);
#988 = EDGE_LOOP('',(#989));
#989 = ORIENTED_EDGE('',*,*,#990,.T.);
#990 = EDGE_CURVE('',#991,#991,#993,.T.);
#991 = VERTEX_POINT('',#992);
#992 = CARTESIAN_POINT('',(-39.6,10.7,31.6));
#993 = CIRCLE('',#994,1.3);
#994 = AXIS2_PLACEMENT_3D('',#995,#996,#997);
#995 = CARTESIAN_POINT('',(-39.6,12.,31.6));
#996 = DIRECTION('',(-1.224646799147E-16,-1.110223024625E-16,-1.));
#997 = DIRECTION('',(0.,-1.,1.110223024625E-16));
#998 = PLANE('',#999);
#999 = AXIS2_PLACEMENT_3D('',#1000,#1001,#1002);
#1000 = CARTESIAN_POINT('',(-42.6,75.,31.6));
#1001 = DIRECTION('',(0.,1.110223024625E-16,1.));
#1002 = DIRECTION('',(0.,-1.,1.110223024625E-16));
#1003 = ADVANCED_FACE('',(#1004),#1015,.T.);
#1004 = FACE_BOUND('',#1005,.T.);
#1005 = EDGE_LOOP('',(#1006,#1007,#1008,#1014));
#1006 = ORIENTED_EDGE('',*,*,#968,.F.);
#1007 = ORIENTED_EDGE('',*,*,#710,.T.);
#1008 = ORIENTED_EDGE('',*,*,#1009,.T.);
#1009 = EDGE_CURVE('',#703,#429,#1010,.T.);
#1010 = LINE('',#1011,#1012);
#1011 = CARTESIAN_POINT('',(-36.6,75.,37.6));
#1012 = VECTOR('',#1013,1.);
#1013 = DIRECTION('',(0.,-1.,1.110223024625E-16));
#1014 = ORIENTED_EDGE('',*,*,#436,.F.);
#1015 = PLANE('',#1016);
#1016 = AXIS2_PLACEMENT_3D('',#1017,#1018,#1019);
#1017 = CARTESIAN_POINT('',(-36.6,75.,31.6));
#1018 = DIRECTION('',(1.,0.,0.));
#1019 = DIRECTION('',(0.,-1.,1.110223024625E-16));
#1020 = ADVANCED_FACE('',(#1021,#1027,#1038),#1049,.T.);
#1021 = FACE_BOUND('',#1022,.T.);
#1022 = EDGE_LOOP('',(#1023,#1024,#1025,#1026));
#1023 = ORIENTED_EDGE('',*,*,#1009,.F.);
#1024 = ORIENTED_EDGE('',*,*,#702,.T.);
#1025 = ORIENTED_EDGE('',*,*,#767,.T.);
#1026 = ORIENTED_EDGE('',*,*,#428,.F.);
#1027 = FACE_BOUND('',#1028,.T.);
#1028 = EDGE_LOOP('',(#1029));
#1029 = ORIENTED_EDGE('',*,*,#1030,.T.);
#1030 = EDGE_CURVE('',#1031,#1031,#1033,.T.);
#1031 = VERTEX_POINT('',#1032);
#1032 = CARTESIAN_POINT('',(-39.6,61.7,37.6));
#1033 = CIRCLE('',#1034,1.3);
#1034 = AXIS2_PLACEMENT_3D('',#1035,#1036,#1037);
#1035 = CARTESIAN_POINT('',(-39.6,63.,37.6));
#1036 = DIRECTION('',(-1.224646799147E-16,-1.110223024625E-16,-1.));
#1037 = DIRECTION('',(0.,-1.,1.110223024625E-16));
#1038 = FACE_BOUND('',#1039,.T.);
#1039 = EDGE_LOOP('',(#1040));
#1040 = ORIENTED_EDGE('',*,*,#1041,.T.);
#1041 = EDGE_CURVE('',#1042,#1042,#1044,.T.);
#1042 = VERTEX_POINT('',#1043);
#1043 = CARTESIAN_POINT('',(-39.6,10.7,37.6));
#1044 = CIRCLE('',#1045,1.3);
#1045 = AXIS2_PLACEMENT_3D('',#1046,#1047,#1048);
#1046 = CARTESIAN_POINT('',(-39.6,12.,37.6));
#1047 = DIRECTION('',(-1.224646799147E-16,-1.110223024625E-16,-1.));
#1048 = DIRECTION('',(0.,-1.,1.110223024625E-16));
#1049 = PLANE('',#1050);
#1050 = AXIS2_PLACEMENT_3D('',#1051,#1052,#1053);
#1051 = CARTESIAN_POINT('',(-42.6,75.,37.6));
#1052 = DIRECTION('',(0.,1.110223024625E-16,1.));
#1053 = DIRECTION('',(0.,-1.,1.110223024625E-16));
#1054 = ADVANCED_FACE('',(#1055,#1066,#1077),#1088,.T.);
#1055 = FACE_BOUND('',#1056,.T.);
#1056 = EDGE_LOOP('',(#1057,#1058,#1059,#1065));
#1057 = ORIENTED_EDGE('',*,*,#589,.F.);
#1058 = ORIENTED_EDGE('',*,*,#686,.T.);
#1059 = ORIENTED_EDGE('',*,*,#1060,.T.);
#1060 = EDGE_CURVE('',#679,#398,#1061,.T.);
#1061 = LINE('',#1062,#1063);
#1062 = CARTESIAN_POINT('',(36.6,75.,37.6));
#1063 = VECTOR('',#1064,1.);
#1064 = DIRECTION('',(0.,-1.,1.110223024625E-16));
#1065 = ORIENTED_EDGE('',*,*,#405,.F.);
#1066 = FACE_BOUND('',#1067,.T.);
#1067 = EDGE_LOOP('',(#1068));
#1068 = ORIENTED_EDGE('',*,*,#1069,.T.);
#1069 = EDGE_CURVE('',#1070,#1070,#1072,.T.);
#1070 = VERTEX_POINT('',#1071);
#1071 = CARTESIAN_POINT('',(39.6,61.7,37.6));
#1072 = CIRCLE('',#1073,1.3);
#1073 = AXIS2_PLACEMENT_3D('',#1074,#1075,#1076);
#1074 = CARTESIAN_POINT('',(39.6,63.,37.6));
#1075 = DIRECTION('',(-1.224646799147E-16,-1.110223024625E-16,-1.));
#1076 = DIRECTION('',(0.,-1.,1.110223024625E-16));
#1077 = FACE_BOUND('',#1078,.T.);
#1078 = EDGE_LOOP('',(#1079));
#1079 = ORIENTED_EDGE('',*,*,#1080,.T.);
#1080 = EDGE_CURVE('',#1081,#1081,#1083,.T.);
#1081 = VERTEX_POINT('',#1082);
#1082 = CARTESIAN_POINT('',(39.6,10.7,37.6));
#1083 = CIRCLE('',#1084,1.3);
#1084 = AXIS2_PLACEMENT_3D('',#1085,#1086,#1087);
#1085 = CARTESIAN_POINT('',(39.6,12.,37.6));
#1086 = DIRECTION('',(-1.224646799147E-16,-1.110223024625E-16,-1.));
#1087 = DIRECTION('',(0.,-1.,1.110223024625E-16));
#1088 = PLANE('',#1089);
#1089 = AXIS2_PLACEMENT_3D('',#1090,#1091,#1092);
#1090 = CARTESIAN_POINT('',(36.6,75.,37.6));
#1091 = DIRECTION('',(0.,1.110223024625E-16,1.));
#1092 = DIRECTION('',(0.,-1.,1.110223024625E-16));
#1093 = ADVANCED_FACE('',(#1094),#1105,.F.);
#1094 = FACE_BOUND('',#1095,.F.);
#1095 = EDGE_LOOP('',(#1096,#1102,#1103,#1104));
#1096 = ORIENTED_EDGE('',*,*,#1097,.F.);
#1097 = EDGE_CURVE('',#671,#390,#1098,.T.);
#1098 = LINE('',#1099,#1100);
#1099 = CARTESIAN_POINT('',(36.6,75.,31.6));
#1100 = VECTOR('',#1101,1.);
#1101 = DIRECTION('',(0.,-1.,1.110223024625E-16));
#1102 = ORIENTED_EDGE('',*,*,#678,.T.);
#1103 = ORIENTED_EDGE('',*,*,#1060,.T.);
#1104 = ORIENTED_EDGE('',*,*,#397,.F.);
#1105 = PLANE('',#1106);
#1106 = AXIS2_PLACEMENT_3D('',#1107,#1108,#1109);
#1107 = CARTESIAN_POINT('',(36.6,75.,31.6));
#1108 = DIRECTION('',(1.,0.,0.));
#1109 = DIRECTION('',(0.,-1.,1.110223024625E-16));
#1110 = ADVANCED_FACE('',(#1111,#1122,#1133),#1144,.F.);
#1111 = FACE_BOUND('',#1112,.F.);
#1112 = EDGE_LOOP('',(#1113,#1119,#1120,#1121));
#1113 = ORIENTED_EDGE('',*,*,#1114,.F.);
#1114 = EDGE_CURVE('',#663,#382,#1115,.T.);
#1115 = LINE('',#1116,#1117);
#1116 = CARTESIAN_POINT('',(42.6,75.,31.6));
#1117 = VECTOR('',#1118,1.);
#1118 = DIRECTION('',(0.,-1.,1.110223024625E-16));
#1119 = ORIENTED_EDGE('',*,*,#670,.T.);
#1120 = ORIENTED_EDGE('',*,*,#1097,.T.);
#1121 = ORIENTED_EDGE('',*,*,#389,.F.);
#1122 = FACE_BOUND('',#1123,.F.);
#1123 = EDGE_LOOP('',(#1124));
#1124 = ORIENTED_EDGE('',*,*,#1125,.T.);
#1125 = EDGE_CURVE('',#1126,#1126,#1128,.T.);
#1126 = VERTEX_POINT('',#1127);
#1127 = CARTESIAN_POINT('',(39.6,61.7,31.6));
#1128 = CIRCLE('',#1129,1.3);
#1129 = AXIS2_PLACEMENT_3D('',#1130,#1131,#1132);
#1130 = CARTESIAN_POINT('',(39.6,63.,31.6));
#1131 = DIRECTION('',(-1.224646799147E-16,-1.110223024625E-16,-1.));
#1132 = DIRECTION('',(0.,-1.,1.110223024625E-16));
#1133 = FACE_BOUND('',#1134,.F.);
#1134 = EDGE_LOOP('',(#1135));
#1135 = ORIENTED_EDGE('',*,*,#1136,.T.);
#1136 = EDGE_CURVE('',#1137,#1137,#1139,.T.);
#1137 = VERTEX_POINT('',#1138);
#1138 = CARTESIAN_POINT('',(39.6,10.7,31.6));
#1139 = CIRCLE('',#1140,1.3);
#1140 = AXIS2_PLACEMENT_3D('',#1141,#1142,#1143);
#1141 = CARTESIAN_POINT('',(39.6,12.,31.6));
#1142 = DIRECTION('',(-1.224646799147E-16,-1.110223024625E-16,-1.));
#1143 = DIRECTION('',(0.,-1.,1.110223024625E-16));
#1144 = PLANE('',#1145);
#1145 = AXIS2_PLACEMENT_3D('',#1146,#1147,#1148);
#1146 = CARTESIAN_POINT('',(36.6,75.,31.6));
#1147 = DIRECTION('',(0.,1.110223024625E-16,1.));
#1148 = DIRECTION('',(0.,-1.,1.110223024625E-16));
#1149 = ADVANCED_FACE('',(#1150),#1161,.F.);
#1150 = FACE_BOUND('',#1151,.F.);
#1151 = EDGE_LOOP('',(#1152,#1153,#1159,#1160));
#1152 = ORIENTED_EDGE('',*,*,#381,.F.);
#1153 = ORIENTED_EDGE('',*,*,#1154,.F.);
#1154 = EDGE_CURVE('',#655,#374,#1155,.T.);
#1155 = LINE('',#1156,#1157);
#1156 = CARTESIAN_POINT('',(42.6,75.,8.4));
#1157 = VECTOR('',#1158,1.);
#1158 = DIRECTION('',(0.,-1.,1.110223024625E-16));
#1159 = ORIENTED_EDGE('',*,*,#662,.T.);
#1160 = ORIENTED_EDGE('',*,*,#1114,.T.);
#1161 = PLANE('',#1162);
#1162 = AXIS2_PLACEMENT_3D('',#1163,#1164,#1165);
#1163 = CARTESIAN_POINT('',(42.6,72.6,2.4));
#1164 = DIRECTION('',(1.,0.,0.));
#1165 = DIRECTION('',(0.,-1.,1.110223024625E-16));
#1166 = ADVANCED_FACE('',(#1167),#1178,.T.);
#1167 = FACE_BOUND('',#1168,.T.);
#1168 = EDGE_LOOP('',(#1169,#1170,#1171,#1177));
#1169 = ORIENTED_EDGE('',*,*,#1154,.F.);
#1170 = ORIENTED_EDGE('',*,*,#654,.T.);
#1171 = ORIENTED_EDGE('',*,*,#1172,.T.);
#1172 = EDGE_CURVE('',#647,#366,#1173,.T.);
#1173 = LINE('',#1174,#1175);
#1174 = CARTESIAN_POINT('',(36.6,75.,8.4));
#1175 = VECTOR('',#1176,1.);
#1176 = DIRECTION('',(0.,-1.,1.110223024625E-16));
#1177 = ORIENTED_EDGE('',*,*,#373,.F.);
#1178 = PLANE('',#1179);
#1179 = AXIS2_PLACEMENT_3D('',#1180,#1181,#1182);
#1180 = CARTESIAN_POINT('',(36.6,75.,8.4));
#1181 = DIRECTION('',(0.,1.110223024625E-16,1.));
#1182 = DIRECTION('',(0.,-1.,1.110223024625E-16));
#1183 = ADVANCED_FACE('',(#1184),#1190,.F.);
#1184 = FACE_BOUND('',#1185,.F.);
#1185 = EDGE_LOOP('',(#1186,#1187,#1188,#1189));
#1186 = ORIENTED_EDGE('',*,*,#887,.F.);
#1187 = ORIENTED_EDGE('',*,*,#646,.T.);
#1188 = ORIENTED_EDGE('',*,*,#1172,.T.);
#1189 = ORIENTED_EDGE('',*,*,#365,.F.);
#1190 = PLANE('',#1191);
#1191 = AXIS2_PLACEMENT_3D('',#1192,#1193,#1194);
#1192 = CARTESIAN_POINT('',(36.6,75.,2.4));
#1193 = DIRECTION('',(1.,0.,0.));
#1194 = DIRECTION('',(0.,-1.,1.110223024625E-16));
#1195 = ADVANCED_FACE('',(#1196),#1207,.T.);
#1196 = FACE_BOUND('',#1197,.T.);
#1197 = EDGE_LOOP('',(#1198,#1199,#1200,#1206));
#1198 = ORIENTED_EDGE('',*,*,#880,.F.);
#1199 = ORIENTED_EDGE('',*,*,#630,.T.);
#1200 = ORIENTED_EDGE('',*,*,#1201,.T.);
#1201 = EDGE_CURVE('',#623,#342,#1202,.T.);
#1202 = LINE('',#1203,#1204);
#1203 = CARTESIAN_POINT('',(-36.6,75.,8.4));
#1204 = VECTOR('',#1205,1.);
#1205 = DIRECTION('',(0.,-1.,1.110223024625E-16));
#1206 = ORIENTED_EDGE('',*,*,#349,.F.);
#1207 = PLANE('',#1208);
#1208 = AXIS2_PLACEMENT_3D('',#1209,#1210,#1211);
#1209 = CARTESIAN_POINT('',(-36.6,75.,2.4));
#1210 = DIRECTION('',(1.,0.,0.));
#1211 = DIRECTION('',(0.,-1.,1.110223024625E-16));
#1212 = ADVANCED_FACE('',(#1213),#1219,.T.);
#1213 = FACE_BOUND('',#1214,.T.);
#1214 = EDGE_LOOP('',(#1215,#1216,#1217,#1218));
#1215 = ORIENTED_EDGE('',*,*,#1201,.F.);
#1216 = ORIENTED_EDGE('',*,*,#622,.T.);
#1217 = ORIENTED_EDGE('',*,*,#947,.T.);
#1218 = ORIENTED_EDGE('',*,*,#341,.F.);
#1219 = PLANE('',#1220);
#1220 = AXIS2_PLACEMENT_3D('',#1221,#1222,#1223);
#1221 = CARTESIAN_POINT('',(-42.6,75.,8.4));
#1222 = DIRECTION('',(0.,1.110223024625E-16,1.));
#1223 = DIRECTION('',(0.,-1.,1.110223024625E-16));
#1224 = ADVANCED_FACE('',(#1225),#1383,.F.);
#1225 = FACE_BOUND('',#1226,.F.);
#1226 = EDGE_LOOP('',(#1227,#1228,#1236,#1267,#1275,#1306,#1312,#1313,
    #1314,#1345,#1353,#1382));
#1227 = ORIENTED_EDGE('',*,*,#990,.F.);
#1228 = ORIENTED_EDGE('',*,*,#1229,.F.);
#1229 = EDGE_CURVE('',#1230,#991,#1232,.T.);
#1230 = VERTEX_POINT('',#1231);
#1231 = CARTESIAN_POINT('',(-39.6,10.7,33.15));
#1232 = LINE('',#1233,#1234);
#1233 = CARTESIAN_POINT('',(-39.6,10.7,40.5));
#1234 = VECTOR('',#1235,1.);
#1235 = DIRECTION('',(-1.224646799147E-16,-1.110223024625E-16,-1.));
#1236 = ORIENTED_EDGE('',*,*,#1237,.T.);
#1237 = EDGE_CURVE('',#1230,#1238,#1240,.T.);
#1238 = VERTEX_POINT('',#1239);
#1239 = CARTESIAN_POINT('',(-40.89999999999,12.,33.957738371066));
#1240 = B_SPLINE_CURVE_WITH_KNOTS('',7,(#1241,#1242,#1243,#1244,#1245,
    #1246,#1247,#1248,#1249,#1250,#1251,#1252,#1253,#1254,#1255,#1256,
    #1257,#1258,#1259,#1260,#1261,#1262,#1263,#1264,#1265,#1266),
  .UNSPECIFIED.,.F.,.F.,(8,6,6,6,8),(0.,0.254900451844,0.603217886332,
    0.868039154927,1.),.UNSPECIFIED.);
#1241 = CARTESIAN_POINT('',(-39.6,10.7,33.15));
#1242 = CARTESIAN_POINT('',(-39.68723454479,10.7,33.15));
#1243 = CARTESIAN_POINT('',(-39.77385502305,10.706829420591,
    33.15612309269));
#1244 = CARTESIAN_POINT('',(-39.85892003175,10.72031492303,
    33.16821301871));
#1245 = CARTESIAN_POINT('',(-39.94151383013,10.740069647071,
    33.185884994154));
#1246 = CARTESIAN_POINT('',(-40.02077981564,10.765495176582,
    33.208526798552));
#1247 = CARTESIAN_POINT('',(-40.09595221974,10.795776342814,
    33.235307535994));
#1248 = CARTESIAN_POINT('',(-40.26263270193,10.876455757882,
    33.306033544423));
#1249 = CARTESIAN_POINT('',(-40.35078841905,10.930525941892,
    33.35299426966));
#1250 = CARTESIAN_POINT('',(-40.43096256178,10.990590805343,
    33.404458304715));
#1251 = CARTESIAN_POINT('',(-40.50344933624,11.055542724211,
    33.459083678313));
#1252 = CARTESIAN_POINT('',(-40.56862911204,11.124642868178,
    33.515722523974));
#1253 = CARTESIAN_POINT('',(-40.62685936767,11.197461392132,
    33.573355968775));
#1254 = CARTESIAN_POINT('',(-40.71753988684,11.332150649616,
    33.674237041019));
#1255 = CARTESIAN_POINT('',(-40.7524695509,11.391935255514,
    33.71722671332));
#1256 = CARTESIAN_POINT('',(-40.78382080533,11.453890857356,
    33.75954054854));
#1257 = CARTESIAN_POINT('',(-40.81172356467,11.518531184163,
    33.800758266374));
#1258 = CARTESIAN_POINT('',(-40.83588045953,11.586015174431,
    33.839782571031));
#1259 = CARTESIAN_POINT('',(-40.85597072881,11.656279855135,
    33.874680639519));
#1260 = CARTESIAN_POINT('',(-40.87931211957,11.766007483707,
    33.917269173954));
#1261 = CARTESIAN_POINT('',(-40.88603444609,11.80361288158,
    33.929971226067));
#1262 = CARTESIAN_POINT('',(-40.89153817026,11.841999562675,
    33.940714001155));
#1263 = CARTESIAN_POINT('',(-40.89573178959,11.880944570944,
    33.94909871902));
#1264 = CARTESIAN_POINT('',(-40.89856498249,11.920309354996,
    33.954833920194));
#1265 = CARTESIAN_POINT('',(-40.90000001845,11.960012729496,
    33.957738408423));
#1266 = CARTESIAN_POINT('',(-40.9,12.0000006,33.957738371066));
#1267 = ORIENTED_EDGE('',*,*,#1268,.F.);
#1268 = EDGE_CURVE('',#1269,#1238,#1271,.T.);
#1269 = VERTEX_POINT('',#1270);
#1270 = CARTESIAN_POINT('',(-40.89999999999,12.,35.242261628934));
#1271 = LINE('',#1272,#1273);
#1272 = CARTESIAN_POINT('',(-40.9,12.,40.5));
#1273 = VECTOR('',#1274,1.);
#1274 = DIRECTION('',(-1.224646799147E-16,-1.110223024625E-16,-1.));
#1275 = ORIENTED_EDGE('',*,*,#1276,.F.);
#1276 = EDGE_CURVE('',#1277,#1269,#1279,.T.);
#1277 = VERTEX_POINT('',#1278);
#1278 = CARTESIAN_POINT('',(-39.6,10.7,36.05));
#1279 = B_SPLINE_CURVE_WITH_KNOTS('',7,(#1280,#1281,#1282,#1283,#1284,
    #1285,#1286,#1287,#1288,#1289,#1290,#1291,#1292,#1293,#1294,#1295,
    #1296,#1297,#1298,#1299,#1300,#1301,#1302,#1303,#1304,#1305),
  .UNSPECIFIED.,.F.,.F.,(8,6,6,6,8),(0.,0.25490045184,0.603217886331,
    0.868039154926,1.),.UNSPECIFIED.);
#1280 = CARTESIAN_POINT('',(-39.6,10.7,36.05));
#1281 = CARTESIAN_POINT('',(-39.68723454479,10.7,36.05));
#1282 = CARTESIAN_POINT('',(-39.77385502305,10.706829420591,
    36.04387690731));
#1283 = CARTESIAN_POINT('',(-39.85892003175,10.72031492303,
    36.03178698129));
#1284 = CARTESIAN_POINT('',(-39.94151383013,10.74006964707,
    36.014115005846));
#1285 = CARTESIAN_POINT('',(-40.02077981564,10.765495176581,
    35.991473201448));
#1286 = CARTESIAN_POINT('',(-40.09595221975,10.795776342815,
    35.964692464006));
#1287 = CARTESIAN_POINT('',(-40.26263270193,10.876455757882,
    35.893966455577));
#1288 = CARTESIAN_POINT('',(-40.35078841905,10.930525941891,
    35.84700573034));
#1289 = CARTESIAN_POINT('',(-40.43096256178,10.990590805344,
    35.795541695285));
#1290 = CARTESIAN_POINT('',(-40.50344933624,11.055542724211,
    35.740916321687));
#1291 = CARTESIAN_POINT('',(-40.56862911204,11.124642868178,
    35.684277476026));
#1292 = CARTESIAN_POINT('',(-40.62685936767,11.197461392132,
    35.626644031226));
#1293 = CARTESIAN_POINT('',(-40.71753988684,11.332150649616,
    35.525762958981));
#1294 = CARTESIAN_POINT('',(-40.7524695509,11.391935255514,
    35.48277328668));
#1295 = CARTESIAN_POINT('',(-40.78382080533,11.453890857356,
    35.44045945146));
#1296 = CARTESIAN_POINT('',(-40.81172356467,11.518531184163,
    35.399241733626));
#1297 = CARTESIAN_POINT('',(-40.83588045953,11.586015174431,
    35.360217428969));
#1298 = CARTESIAN_POINT('',(-40.85597072881,11.656279855135,
    35.325319360481));
#1299 = CARTESIAN_POINT('',(-40.87931211957,11.766007483707,
    35.282730826046));
#1300 = CARTESIAN_POINT('',(-40.88603444609,11.80361288158,
    35.270028773933));
#1301 = CARTESIAN_POINT('',(-40.89153817026,11.841999562675,
    35.259285998845));
#1302 = CARTESIAN_POINT('',(-40.89573178959,11.880944570944,
    35.25090128098));
#1303 = CARTESIAN_POINT('',(-40.89856498249,11.920309354996,
    35.245166079806));
#1304 = CARTESIAN_POINT('',(-40.90000001845,11.960012729496,
    35.242261591577));
#1305 = CARTESIAN_POINT('',(-40.9,12.0000006,35.242261628934));
#1306 = ORIENTED_EDGE('',*,*,#1307,.F.);
#1307 = EDGE_CURVE('',#1042,#1277,#1308,.T.);
#1308 = LINE('',#1309,#1310);
#1309 = CARTESIAN_POINT('',(-39.6,10.7,40.5));
#1310 = VECTOR('',#1311,1.);
#1311 = DIRECTION('',(-1.224646799147E-16,-1.110223024625E-16,-1.));
#1312 = ORIENTED_EDGE('',*,*,#1041,.T.);
#1313 = ORIENTED_EDGE('',*,*,#1307,.T.);
#1314 = ORIENTED_EDGE('',*,*,#1315,.F.);
#1315 = EDGE_CURVE('',#1316,#1277,#1318,.T.);
#1316 = VERTEX_POINT('',#1317);
#1317 = CARTESIAN_POINT('',(-38.3,12.,35.242261628934));
#1318 = B_SPLINE_CURVE_WITH_KNOTS('',7,(#1319,#1320,#1321,#1322,#1323,
    #1324,#1325,#1326,#1327,#1328,#1329,#1330,#1331,#1332,#1333,#1334,
    #1335,#1336,#1337,#1338,#1339,#1340,#1341,#1342,#1343,#1344),
  .UNSPECIFIED.,.F.,.F.,(8,6,6,6,8),(0.,0.133211790905,0.397674470022,
    0.742162768483,1.),.UNSPECIFIED.);
#1319 = CARTESIAN_POINT('',(-38.3,12.0000006,35.242261628934));
#1320 = CARTESIAN_POINT('',(-38.29999998136,11.959627101143,
    35.242261591217));
#1321 = CARTESIAN_POINT('',(-38.30146282957,11.91954952998,
    35.245222364157));
#1322 = CARTESIAN_POINT('',(-38.30434979548,11.87982060013,
    35.251066440409));
#1323 = CARTESIAN_POINT('',(-38.30862192532,11.840521465936,
    35.259606002984));
#1324 = CARTESIAN_POINT('',(-38.31422758753,11.801792937766,
    35.270540021277));
#1325 = CARTESIAN_POINT('',(-38.32107255287,11.763863266992,
    35.283457413055));
#1326 = CARTESIAN_POINT('',(-38.34465648798,11.654032534927,
    35.326412184387));
#1327 = CARTESIAN_POINT('',(-38.36482930404,11.583942899636,
    35.361379021895));
#1328 = CARTESIAN_POINT('',(-38.38905143004,11.516622449192,
    35.400419168047));
#1329 = CARTESIAN_POINT('',(-38.41700446247,11.452133018939,
    35.441620929524));
#1330 = CARTESIAN_POINT('',(-38.44839631452,11.390314428094,
    35.483901519325));
#1331 = CARTESIAN_POINT('',(-38.48335995262,11.330656646713,
    35.526846430652));
#1332 = CARTESIAN_POINT('',(-38.57359723126,11.196992626711,
    35.627042381986));
#1333 = CARTESIAN_POINT('',(-38.6312147044,11.124996286677,
    35.684022661727));
#1334 = CARTESIAN_POINT('',(-38.69562907673,11.056641778193,
    35.740029808169));
#1335 = CARTESIAN_POINT('',(-38.76718614068,10.992342038107,
    35.794076604101));
#1336 = CARTESIAN_POINT('',(-38.84625463224,10.932807221127,
    35.845054878702));
#1337 = CARTESIAN_POINT('',(-38.93312242843,10.87910065794,
    35.891670999573));
#1338 = CARTESIAN_POINT('',(-39.0988432559,10.797883902568,
    35.962828767002));
#1339 = CARTESIAN_POINT('',(-39.17465378611,10.766967996559,
    35.990161730668));
#1340 = CARTESIAN_POINT('',(-39.2546780277,10.740986499245,
    36.013294863918));
#1341 = CARTESIAN_POINT('',(-39.3381321282,10.720786162964,
    36.031364518629));
#1342 = CARTESIAN_POINT('',(-39.42413654149,10.706989484007,
    36.043733389614));
#1343 = CARTESIAN_POINT('',(-39.51174913205,10.7,36.05));
#1344 = CARTESIAN_POINT('',(-39.6,10.7,36.05));
#1345 = ORIENTED_EDGE('',*,*,#1346,.T.);
#1346 = EDGE_CURVE('',#1316,#1347,#1349,.T.);
#1347 = VERTEX_POINT('',#1348);
#1348 = CARTESIAN_POINT('',(-38.3,12.,33.957738371066));
#1349 = LINE('',#1350,#1351);
#1350 = CARTESIAN_POINT('',(-38.3,12.,40.5));
#1351 = VECTOR('',#1352,1.);
#1352 = DIRECTION('',(-1.224646799147E-16,-1.110223024625E-16,-1.));
#1353 = ORIENTED_EDGE('',*,*,#1354,.T.);
#1354 = EDGE_CURVE('',#1347,#1230,#1355,.T.);
#1355 = B_SPLINE_CURVE_WITH_KNOTS('',7,(#1356,#1357,#1358,#1359,#1360,
    #1361,#1362,#1363,#1364,#1365,#1366,#1367,#1368,#1369,#1370,#1371,
    #1372,#1373,#1374,#1375,#1376,#1377,#1378,#1379,#1380,#1381),
  .UNSPECIFIED.,.F.,.F.,(8,6,6,6,8),(0.,0.133211790905,0.397674470022,
    0.742162768483,1.),.UNSPECIFIED.);
#1356 = CARTESIAN_POINT('',(-38.3,12.0000006,33.957738371066));
#1357 = CARTESIAN_POINT('',(-38.29999998136,11.959627101143,
    33.957738408783));
#1358 = CARTESIAN_POINT('',(-38.30146282957,11.91954952998,
    33.954777635843));
#1359 = CARTESIAN_POINT('',(-38.30434979548,11.87982060013,
    33.948933559591));
#1360 = CARTESIAN_POINT('',(-38.30862192532,11.840521465936,
    33.940393997016));
#1361 = CARTESIAN_POINT('',(-38.31422758753,11.801792937766,
    33.929459978723));
#1362 = CARTESIAN_POINT('',(-38.32107255287,11.763863266992,
    33.916542586945));
#1363 = CARTESIAN_POINT('',(-38.34465648798,11.654032534927,
    33.873587815613));
#1364 = CARTESIAN_POINT('',(-38.36482930404,11.583942899636,
    33.838620978106));
#1365 = CARTESIAN_POINT('',(-38.38905143004,11.516622449192,
    33.799580831953));
#1366 = CARTESIAN_POINT('',(-38.41700446247,11.452133018939,
    33.758379070476));
#1367 = CARTESIAN_POINT('',(-38.44839631452,11.390314428094,
    33.716098480675));
#1368 = CARTESIAN_POINT('',(-38.48335995262,11.330656646713,
    33.673153569348));
#1369 = CARTESIAN_POINT('',(-38.57359723126,11.196992626711,
    33.572957618014));
#1370 = CARTESIAN_POINT('',(-38.6312147044,11.124996286677,
    33.515977338273));
#1371 = CARTESIAN_POINT('',(-38.69562907673,11.056641778193,
    33.459970191832));
#1372 = CARTESIAN_POINT('',(-38.76718614068,10.992342038107,
    33.405923395899));
#1373 = CARTESIAN_POINT('',(-38.84625463224,10.932807221127,
    33.354945121298));
#1374 = CARTESIAN_POINT('',(-38.93312242843,10.87910065794,
    33.308329000427));
#1375 = CARTESIAN_POINT('',(-39.0988432559,10.797883902568,
    33.237171232998));
#1376 = CARTESIAN_POINT('',(-39.17465378611,10.766967996559,
    33.209838269332));
#1377 = CARTESIAN_POINT('',(-39.2546780277,10.740986499245,
    33.186705136082));
#1378 = CARTESIAN_POINT('',(-39.3381321282,10.720786162964,
    33.168635481371));
#1379 = CARTESIAN_POINT('',(-39.42413654149,10.706989484007,
    33.156266610386));
#1380 = CARTESIAN_POINT('',(-39.51174913205,10.7,33.15));
#1381 = CARTESIAN_POINT('',(-39.6,10.7,33.15));
#1382 = ORIENTED_EDGE('',*,*,#1229,.T.);
#1383 = CYLINDRICAL_SURFACE('',#1384,1.3);
#1384 = AXIS2_PLACEMENT_3D('',#1385,#1386,#1387);
#1385 = CARTESIAN_POINT('',(-39.6,12.,40.5));
#1386 = DIRECTION('',(-1.224646799147E-16,-1.110223024625E-16,-1.));
#1387 = DIRECTION('',(0.,-1.,1.110223024625E-16));
#1388 = ADVANCED_FACE('',(#1389),#1434,.F.);
#1389 = FACE_BOUND('',#1390,.F.);
#1390 = EDGE_LOOP('',(#1391,#1401,#1408,#1409,#1416,#1417,#1418,#1425,
    #1426,#1427));
#1391 = ORIENTED_EDGE('',*,*,#1392,.T.);
#1392 = EDGE_CURVE('',#1393,#1395,#1397,.T.);
#1393 = VERTEX_POINT('',#1394);
#1394 = CARTESIAN_POINT('',(-38.15,12.,34.6));
#1395 = VERTEX_POINT('',#1396);
#1396 = CARTESIAN_POINT('',(-38.15,0.,34.6));
#1397 = LINE('',#1398,#1399);
#1398 = CARTESIAN_POINT('',(-38.15,12.,34.6));
#1399 = VECTOR('',#1400,1.);
#1400 = DIRECTION('',(0.,-1.,1.110223024625E-16));
#1401 = ORIENTED_EDGE('',*,*,#1402,.F.);
#1402 = EDGE_CURVE('',#1395,#1395,#1403,.T.);
#1403 = CIRCLE('',#1404,1.45);
#1404 = AXIS2_PLACEMENT_3D('',#1405,#1406,#1407);
#1405 = CARTESIAN_POINT('',(-39.6,0.,34.6));
#1406 = DIRECTION('',(0.,-1.,1.110223024625E-16));
#1407 = DIRECTION('',(1.,0.,0.));
#1408 = ORIENTED_EDGE('',*,*,#1392,.F.);
#1409 = ORIENTED_EDGE('',*,*,#1410,.T.);
#1410 = EDGE_CURVE('',#1393,#1316,#1411,.T.);
#1411 = CIRCLE('',#1412,1.45);
#1412 = AXIS2_PLACEMENT_3D('',#1413,#1414,#1415);
#1413 = CARTESIAN_POINT('',(-39.6,12.,34.6));
#1414 = DIRECTION('',(0.,-1.,1.110223024625E-16));
#1415 = DIRECTION('',(1.,0.,0.));
#1416 = ORIENTED_EDGE('',*,*,#1315,.T.);
#1417 = ORIENTED_EDGE('',*,*,#1276,.T.);
#1418 = ORIENTED_EDGE('',*,*,#1419,.T.);
#1419 = EDGE_CURVE('',#1269,#1238,#1420,.T.);
#1420 = CIRCLE('',#1421,1.45);
#1421 = AXIS2_PLACEMENT_3D('',#1422,#1423,#1424);
#1422 = CARTESIAN_POINT('',(-39.6,12.,34.6));
#1423 = DIRECTION('',(0.,-1.,1.110223024625E-16));
#1424 = DIRECTION('',(1.,0.,0.));
#1425 = ORIENTED_EDGE('',*,*,#1237,.F.);
#1426 = ORIENTED_EDGE('',*,*,#1354,.F.);
#1427 = ORIENTED_EDGE('',*,*,#1428,.T.);
#1428 = EDGE_CURVE('',#1347,#1393,#1429,.T.);
#1429 = CIRCLE('',#1430,1.45);
#1430 = AXIS2_PLACEMENT_3D('',#1431,#1432,#1433);
#1431 = CARTESIAN_POINT('',(-39.6,12.,34.6));
#1432 = DIRECTION('',(0.,-1.,1.110223024625E-16));
#1433 = DIRECTION('',(1.,0.,0.));
#1434 = CYLINDRICAL_SURFACE('',#1435,1.45);
#1435 = AXIS2_PLACEMENT_3D('',#1436,#1437,#1438);
#1436 = CARTESIAN_POINT('',(-39.6,12.,34.6));
#1437 = DIRECTION('',(0.,-1.,1.110223024625E-16));
#1438 = DIRECTION('',(1.,0.,0.));
#1439 = ADVANCED_FACE('',(#1440),#1445,.T.);
#1440 = FACE_BOUND('',#1441,.T.);
#1441 = EDGE_LOOP('',(#1442,#1443,#1444));
#1442 = ORIENTED_EDGE('',*,*,#1428,.T.);
#1443 = ORIENTED_EDGE('',*,*,#1410,.T.);
#1444 = ORIENTED_EDGE('',*,*,#1346,.T.);
#1445 = PLANE('',#1446);
#1446 = AXIS2_PLACEMENT_3D('',#1447,#1448,#1449);
#1447 = CARTESIAN_POINT('',(-39.6,12.,34.6));
#1448 = DIRECTION('',(0.,-1.,1.110223024625E-16));
#1449 = DIRECTION('',(1.,0.,0.));
#1450 = ADVANCED_FACE('',(#1451),#1455,.T.);
#1451 = FACE_BOUND('',#1452,.T.);
#1452 = EDGE_LOOP('',(#1453,#1454));
#1453 = ORIENTED_EDGE('',*,*,#1268,.F.);
#1454 = ORIENTED_EDGE('',*,*,#1419,.T.);
#1455 = PLANE('',#1456);
#1456 = AXIS2_PLACEMENT_3D('',#1457,#1458,#1459);
#1457 = CARTESIAN_POINT('',(-39.6,12.,34.6));
#1458 = DIRECTION('',(0.,-1.,1.110223024625E-16));
#1459 = DIRECTION('',(1.,0.,0.));
#1460 = ADVANCED_FACE('',(#1461),#1619,.F.);
#1461 = FACE_BOUND('',#1462,.F.);
#1462 = EDGE_LOOP('',(#1463,#1464,#1472,#1503,#1511,#1542,#1548,#1549,
    #1550,#1581,#1589,#1618));
#1463 = ORIENTED_EDGE('',*,*,#1136,.F.);
#1464 = ORIENTED_EDGE('',*,*,#1465,.F.);
#1465 = EDGE_CURVE('',#1466,#1137,#1468,.T.);
#1466 = VERTEX_POINT('',#1467);
#1467 = CARTESIAN_POINT('',(39.6,10.7,33.15));
#1468 = LINE('',#1469,#1470);
#1469 = CARTESIAN_POINT('',(39.6,10.7,40.5));
#1470 = VECTOR('',#1471,1.);
#1471 = DIRECTION('',(-1.224646799147E-16,-1.110223024625E-16,-1.));
#1472 = ORIENTED_EDGE('',*,*,#1473,.T.);
#1473 = EDGE_CURVE('',#1466,#1474,#1476,.T.);
#1474 = VERTEX_POINT('',#1475);
#1475 = CARTESIAN_POINT('',(38.300000000001,12.,33.957738371066));
#1476 = B_SPLINE_CURVE_WITH_KNOTS('',7,(#1477,#1478,#1479,#1480,#1481,
    #1482,#1483,#1484,#1485,#1486,#1487,#1488,#1489,#1490,#1491,#1492,
    #1493,#1494,#1495,#1496,#1497,#1498,#1499,#1500,#1501,#1502),
  .UNSPECIFIED.,.F.,.F.,(8,6,6,6,8),(0.,0.254900451844,0.603217886332,
    0.868039154927,1.),.UNSPECIFIED.);
#1477 = CARTESIAN_POINT('',(39.6,10.7,33.15));
#1478 = CARTESIAN_POINT('',(39.512765455204,10.7,33.15));
#1479 = CARTESIAN_POINT('',(39.426144976943,10.706829420591,
    33.15612309269));
#1480 = CARTESIAN_POINT('',(39.341079968241,10.72031492303,
    33.16821301871));
#1481 = CARTESIAN_POINT('',(39.258486169864,10.740069647071,
    33.185884994154));
#1482 = CARTESIAN_POINT('',(39.179220184353,10.765495176582,
    33.208526798552));
#1483 = CARTESIAN_POINT('',(39.104047780251,10.795776342814,
    33.235307535994));
#1484 = CARTESIAN_POINT('',(38.937367298065,10.876455757882,
    33.306033544423));
#1485 = CARTESIAN_POINT('',(38.84921158095,10.930525941892,
    33.35299426966));
#1486 = CARTESIAN_POINT('',(38.769037438219,10.990590805343,
    33.404458304715));
#1487 = CARTESIAN_POINT('',(38.696550663756,11.055542724211,
    33.459083678313));
#1488 = CARTESIAN_POINT('',(38.631370887955,11.124642868178,
    33.515722523974));
#1489 = CARTESIAN_POINT('',(38.573140632322,11.197461392132,
    33.573355968775));
#1490 = CARTESIAN_POINT('',(38.482460113156,11.332150649616,
    33.674237041019));
#1491 = CARTESIAN_POINT('',(38.447530449096,11.391935255514,
    33.71722671332));
#1492 = CARTESIAN_POINT('',(38.416179194663,11.453890857356,
    33.75954054854));
#1493 = CARTESIAN_POINT('',(38.388276435329,11.518531184163,
    33.800758266374));
#1494 = CARTESIAN_POINT('',(38.364119540468,11.586015174431,
    33.839782571031));
#1495 = CARTESIAN_POINT('',(38.34402927119,11.656279855135,
    33.874680639519));
#1496 = CARTESIAN_POINT('',(38.320687880425,11.766007483707,
    33.917269173954));
#1497 = CARTESIAN_POINT('',(38.313965553904,11.80361288158,
    33.929971226067));
#1498 = CARTESIAN_POINT('',(38.308461829734,11.841999562675,
    33.940714001155));
#1499 = CARTESIAN_POINT('',(38.304268210408,11.880944570944,
    33.94909871902));
#1500 = CARTESIAN_POINT('',(38.301435017508,11.920309354996,
    33.954833920194));
#1501 = CARTESIAN_POINT('',(38.299999981544,11.960012729496,
    33.957738408423));
#1502 = CARTESIAN_POINT('',(38.3,12.0000006,33.957738371066));
#1503 = ORIENTED_EDGE('',*,*,#1504,.F.);
#1504 = EDGE_CURVE('',#1505,#1474,#1507,.T.);
#1505 = VERTEX_POINT('',#1506);
#1506 = CARTESIAN_POINT('',(38.300000000001,12.,35.242261628934));
#1507 = LINE('',#1508,#1509);
#1508 = CARTESIAN_POINT('',(38.3,12.,40.5));
#1509 = VECTOR('',#1510,1.);
#1510 = DIRECTION('',(-1.224646799147E-16,-1.110223024625E-16,-1.));
#1511 = ORIENTED_EDGE('',*,*,#1512,.F.);
#1512 = EDGE_CURVE('',#1513,#1505,#1515,.T.);
#1513 = VERTEX_POINT('',#1514);
#1514 = CARTESIAN_POINT('',(39.6,10.7,36.05));
#1515 = B_SPLINE_CURVE_WITH_KNOTS('',7,(#1516,#1517,#1518,#1519,#1520,
    #1521,#1522,#1523,#1524,#1525,#1526,#1527,#1528,#1529,#1530,#1531,
    #1532,#1533,#1534,#1535,#1536,#1537,#1538,#1539,#1540,#1541),
  .UNSPECIFIED.,.F.,.F.,(8,6,6,6,8),(0.,0.25490045184,0.603217886331,
    0.868039154926,1.),.UNSPECIFIED.);
#1516 = CARTESIAN_POINT('',(39.6,10.7,36.05));
#1517 = CARTESIAN_POINT('',(39.512765455202,10.7,36.05));
#1518 = CARTESIAN_POINT('',(39.426144976942,10.706829420591,
    36.04387690731));
#1519 = CARTESIAN_POINT('',(39.341079968242,10.72031492303,
    36.03178698129));
#1520 = CARTESIAN_POINT('',(39.258486169865,10.74006964707,
    36.014115005846));
#1521 = CARTESIAN_POINT('',(39.179220184353,10.765495176581,
    35.991473201448));
#1522 = CARTESIAN_POINT('',(39.10404778025,10.795776342815,
    35.964692464006));
#1523 = CARTESIAN_POINT('',(38.937367298065,10.876455757882,
    35.893966455577));
#1524 = CARTESIAN_POINT('',(38.84921158095,10.930525941891,
    35.84700573034));
#1525 = CARTESIAN_POINT('',(38.769037438218,10.990590805344,
    35.795541695285));
#1526 = CARTESIAN_POINT('',(38.696550663756,11.055542724211,
    35.740916321687));
#1527 = CARTESIAN_POINT('',(38.631370887955,11.124642868178,
    35.684277476026));
#1528 = CARTESIAN_POINT('',(38.573140632322,11.197461392132,
    35.626644031226));
#1529 = CARTESIAN_POINT('',(38.482460113156,11.332150649616,
    35.525762958981));
#1530 = CARTESIAN_POINT('',(38.447530449096,11.391935255514,
    35.48277328668));
#1531 = CARTESIAN_POINT('',(38.416179194662,11.453890857356,
    35.44045945146));
#1532 = CARTESIAN_POINT('',(38.388276435329,11.518531184163,
    35.399241733626));
#1533 = CARTESIAN_POINT('',(38.364119540468,11.586015174431,
    35.360217428969));
#1534 = CARTESIAN_POINT('',(38.34402927119,11.656279855135,
    35.325319360481));
#1535 = CARTESIAN_POINT('',(38.320687880425,11.766007483707,
    35.282730826046));
#1536 = CARTESIAN_POINT('',(38.313965553904,11.80361288158,
    35.270028773933));
#1537 = CARTESIAN_POINT('',(38.308461829734,11.841999562675,
    35.259285998845));
#1538 = CARTESIAN_POINT('',(38.304268210408,11.880944570944,
    35.25090128098));
#1539 = CARTESIAN_POINT('',(38.301435017508,11.920309354996,
    35.245166079806));
#1540 = CARTESIAN_POINT('',(38.299999981544,11.960012729496,
    35.242261591577));
#1541 = CARTESIAN_POINT('',(38.3,12.0000006,35.242261628934));
#1542 = ORIENTED_EDGE('',*,*,#1543,.F.);
#1543 = EDGE_CURVE('',#1081,#1513,#1544,.T.);
#1544 = LINE('',#1545,#1546);
#1545 = CARTESIAN_POINT('',(39.6,10.7,40.5));
#1546 = VECTOR('',#1547,1.);
#1547 = DIRECTION('',(-1.224646799147E-16,-1.110223024625E-16,-1.));
#1548 = ORIENTED_EDGE('',*,*,#1080,.T.);
#1549 = ORIENTED_EDGE('',*,*,#1543,.T.);
#1550 = ORIENTED_EDGE('',*,*,#1551,.F.);
#1551 = EDGE_CURVE('',#1552,#1513,#1554,.T.);
#1552 = VERTEX_POINT('',#1553);
#1553 = CARTESIAN_POINT('',(40.9,12.,35.242261628934));
#1554 = B_SPLINE_CURVE_WITH_KNOTS('',7,(#1555,#1556,#1557,#1558,#1559,
    #1560,#1561,#1562,#1563,#1564,#1565,#1566,#1567,#1568,#1569,#1570,
    #1571,#1572,#1573,#1574,#1575,#1576,#1577,#1578,#1579,#1580),
  .UNSPECIFIED.,.F.,.F.,(8,6,6,6,8),(0.,0.133211790905,0.397674470022,
    0.742162768483,1.),.UNSPECIFIED.);
#1555 = CARTESIAN_POINT('',(40.9,12.0000006,35.242261628934));
#1556 = CARTESIAN_POINT('',(40.900000018634,11.959627101143,
    35.242261591217));
#1557 = CARTESIAN_POINT('',(40.898537170423,11.91954952998,
    35.245222364157));
#1558 = CARTESIAN_POINT('',(40.895650204516,11.87982060013,
    35.251066440409));
#1559 = CARTESIAN_POINT('',(40.891378074671,11.840521465936,
    35.259606002984));
#1560 = CARTESIAN_POINT('',(40.885772412468,11.801792937766,
    35.270540021277));
#1561 = CARTESIAN_POINT('',(40.878927447122,11.763863266992,
    35.283457413055));
#1562 = CARTESIAN_POINT('',(40.855343512016,11.654032534927,
    35.326412184387));
#1563 = CARTESIAN_POINT('',(40.835170695958,11.583942899636,
    35.361379021895));
#1564 = CARTESIAN_POINT('',(40.810948569956,11.516622449192,
    35.400419168047));
#1565 = CARTESIAN_POINT('',(40.782995537524,11.452133018939,
    35.441620929524));
#1566 = CARTESIAN_POINT('',(40.751603685479,11.390314428094,
    35.483901519325));
#1567 = CARTESIAN_POINT('',(40.716640047377,11.330656646713,
    35.526846430652));
#1568 = CARTESIAN_POINT('',(40.626402768734,11.196992626711,
    35.627042381986));
#1569 = CARTESIAN_POINT('',(40.568785295592,11.124996286677,
    35.684022661727));
#1570 = CARTESIAN_POINT('',(40.504370923267,11.056641778193,
    35.740029808169));
#1571 = CARTESIAN_POINT('',(40.432813859312,10.992342038107,
    35.794076604101));
#1572 = CARTESIAN_POINT('',(40.353745367757,10.932807221127,
    35.845054878702));
#1573 = CARTESIAN_POINT('',(40.266877571569,10.87910065794,
    35.891670999573));
#1574 = CARTESIAN_POINT('',(40.1011567441,10.797883902568,
    35.962828767002));
#1575 = CARTESIAN_POINT('',(40.025346213888,10.766967996559,
    35.990161730668));
#1576 = CARTESIAN_POINT('',(39.945321972295,10.740986499245,
    36.013294863918));
#1577 = CARTESIAN_POINT('',(39.861867871792,10.720786162964,
    36.031364518629));
#1578 = CARTESIAN_POINT('',(39.775863458507,10.706989484007,
    36.043733389614));
#1579 = CARTESIAN_POINT('',(39.688250867943,10.7,36.05));
#1580 = CARTESIAN_POINT('',(39.6,10.7,36.05));
#1581 = ORIENTED_EDGE('',*,*,#1582,.T.);
#1582 = EDGE_CURVE('',#1552,#1583,#1585,.T.);
#1583 = VERTEX_POINT('',#1584);
#1584 = CARTESIAN_POINT('',(40.9,12.,33.957738371066));
#1585 = LINE('',#1586,#1587);
#1586 = CARTESIAN_POINT('',(40.9,12.,40.5));
#1587 = VECTOR('',#1588,1.);
#1588 = DIRECTION('',(-1.224646799147E-16,-1.110223024625E-16,-1.));
#1589 = ORIENTED_EDGE('',*,*,#1590,.T.);
#1590 = EDGE_CURVE('',#1583,#1466,#1591,.T.);
#1591 = B_SPLINE_CURVE_WITH_KNOTS('',7,(#1592,#1593,#1594,#1595,#1596,
    #1597,#1598,#1599,#1600,#1601,#1602,#1603,#1604,#1605,#1606,#1607,
    #1608,#1609,#1610,#1611,#1612,#1613,#1614,#1615,#1616,#1617),
  .UNSPECIFIED.,.F.,.F.,(8,6,6,6,8),(0.,0.133211790905,0.397674470022,
    0.742162768483,1.),.UNSPECIFIED.);
#1592 = CARTESIAN_POINT('',(40.9,12.0000006,33.957738371066));
#1593 = CARTESIAN_POINT('',(40.900000018634,11.959627101143,
    33.957738408783));
#1594 = CARTESIAN_POINT('',(40.898537170423,11.91954952998,
    33.954777635843));
#1595 = CARTESIAN_POINT('',(40.895650204516,11.87982060013,
    33.948933559591));
#1596 = CARTESIAN_POINT('',(40.891378074671,11.840521465936,
    33.940393997016));
#1597 = CARTESIAN_POINT('',(40.885772412468,11.801792937766,
    33.929459978723));
#1598 = CARTESIAN_POINT('',(40.878927447122,11.763863266992,
    33.916542586945));
#1599 = CARTESIAN_POINT('',(40.855343512016,11.654032534927,
    33.873587815613));
#1600 = CARTESIAN_POINT('',(40.835170695958,11.583942899636,
    33.838620978106));
#1601 = CARTESIAN_POINT('',(40.810948569956,11.516622449192,
    33.799580831953));
#1602 = CARTESIAN_POINT('',(40.782995537524,11.452133018939,
    33.758379070476));
#1603 = CARTESIAN_POINT('',(40.751603685479,11.390314428094,
    33.716098480675));
#1604 = CARTESIAN_POINT('',(40.716640047377,11.330656646713,
    33.673153569348));
#1605 = CARTESIAN_POINT('',(40.626402768734,11.196992626711,
    33.572957618014));
#1606 = CARTESIAN_POINT('',(40.568785295592,11.124996286677,
    33.515977338273));
#1607 = CARTESIAN_POINT('',(40.504370923268,11.056641778193,
    33.459970191832));
#1608 = CARTESIAN_POINT('',(40.432813859312,10.992342038107,
    33.405923395899));
#1609 = CARTESIAN_POINT('',(40.353745367757,10.932807221127,
    33.354945121298));
#1610 = CARTESIAN_POINT('',(40.266877571569,10.87910065794,
    33.308329000427));
#1611 = CARTESIAN_POINT('',(40.1011567441,10.797883902568,
    33.237171232998));
#1612 = CARTESIAN_POINT('',(40.025346213888,10.766967996559,
    33.209838269332));
#1613 = CARTESIAN_POINT('',(39.945321972295,10.740986499245,
    33.186705136082));
#1614 = CARTESIAN_POINT('',(39.861867871792,10.720786162964,
    33.168635481371));
#1615 = CARTESIAN_POINT('',(39.775863458507,10.706989484007,
    33.156266610386));
#1616 = CARTESIAN_POINT('',(39.688250867943,10.7,33.15));
#1617 = CARTESIAN_POINT('',(39.6,10.7,33.15));
#1618 = ORIENTED_EDGE('',*,*,#1465,.T.);
#1619 = CYLINDRICAL_SURFACE('',#1620,1.3);
#1620 = AXIS2_PLACEMENT_3D('',#1621,#1622,#1623);
#1621 = CARTESIAN_POINT('',(39.6,12.,40.5));
#1622 = DIRECTION('',(-1.224646799147E-16,-1.110223024625E-16,-1.));
#1623 = DIRECTION('',(0.,-1.,1.110223024625E-16));
#1624 = ADVANCED_FACE('',(#1625),#1670,.F.);
#1625 = FACE_BOUND('',#1626,.F.);
#1626 = EDGE_LOOP('',(#1627,#1637,#1644,#1645,#1652,#1653,#1654,#1661,
    #1662,#1663));
#1627 = ORIENTED_EDGE('',*,*,#1628,.T.);
#1628 = EDGE_CURVE('',#1629,#1631,#1633,.T.);
#1629 = VERTEX_POINT('',#1630);
#1630 = CARTESIAN_POINT('',(41.05,12.,34.6));
#1631 = VERTEX_POINT('',#1632);
#1632 = CARTESIAN_POINT('',(41.05,0.,34.6));
#1633 = LINE('',#1634,#1635);
#1634 = CARTESIAN_POINT('',(41.05,12.,34.6));
#1635 = VECTOR('',#1636,1.);
#1636 = DIRECTION('',(0.,-1.,1.110223024625E-16));
#1637 = ORIENTED_EDGE('',*,*,#1638,.F.);
#1638 = EDGE_CURVE('',#1631,#1631,#1639,.T.);
#1639 = CIRCLE('',#1640,1.45);
#1640 = AXIS2_PLACEMENT_3D('',#1641,#1642,#1643);
#1641 = CARTESIAN_POINT('',(39.6,0.,34.6));
#1642 = DIRECTION('',(0.,-1.,1.110223024625E-16));
#1643 = DIRECTION('',(1.,0.,0.));
#1644 = ORIENTED_EDGE('',*,*,#1628,.F.);
#1645 = ORIENTED_EDGE('',*,*,#1646,.T.);
#1646 = EDGE_CURVE('',#1629,#1552,#1647,.T.);
#1647 = CIRCLE('',#1648,1.45);
#1648 = AXIS2_PLACEMENT_3D('',#1649,#1650,#1651);
#1649 = CARTESIAN_POINT('',(39.6,12.,34.6));
#1650 = DIRECTION('',(0.,-1.,1.110223024625E-16));
#1651 = DIRECTION('',(1.,0.,0.));
#1652 = ORIENTED_EDGE('',*,*,#1551,.T.);
#1653 = ORIENTED_EDGE('',*,*,#1512,.T.);
#1654 = ORIENTED_EDGE('',*,*,#1655,.T.);
#1655 = EDGE_CURVE('',#1505,#1474,#1656,.T.);
#1656 = CIRCLE('',#1657,1.45);
#1657 = AXIS2_PLACEMENT_3D('',#1658,#1659,#1660);
#1658 = CARTESIAN_POINT('',(39.6,12.,34.6));
#1659 = DIRECTION('',(0.,-1.,1.110223024625E-16));
#1660 = DIRECTION('',(1.,0.,0.));
#1661 = ORIENTED_EDGE('',*,*,#1473,.F.);
#1662 = ORIENTED_EDGE('',*,*,#1590,.F.);
#1663 = ORIENTED_EDGE('',*,*,#1664,.T.);
#1664 = EDGE_CURVE('',#1583,#1629,#1665,.T.);
#1665 = CIRCLE('',#1666,1.45);
#1666 = AXIS2_PLACEMENT_3D('',#1667,#1668,#1669);
#1667 = CARTESIAN_POINT('',(39.6,12.,34.6));
#1668 = DIRECTION('',(0.,-1.,1.110223024625E-16));
#1669 = DIRECTION('',(1.,0.,0.));
#1670 = CYLINDRICAL_SURFACE('',#1671,1.45);
#1671 = AXIS2_PLACEMENT_3D('',#1672,#1673,#1674);
#1672 = CARTESIAN_POINT('',(39.6,12.,34.6));
#1673 = DIRECTION('',(0.,-1.,1.110223024625E-16));
#1674 = DIRECTION('',(1.,0.,0.));
#1675 = ADVANCED_FACE('',(#1676),#1681,.T.);
#1676 = FACE_BOUND('',#1677,.T.);
#1677 = EDGE_LOOP('',(#1678,#1679,#1680));
#1678 = ORIENTED_EDGE('',*,*,#1664,.T.);
#1679 = ORIENTED_EDGE('',*,*,#1646,.T.);
#1680 = ORIENTED_EDGE('',*,*,#1582,.T.);
#1681 = PLANE('',#1682);
#1682 = AXIS2_PLACEMENT_3D('',#1683,#1684,#1685);
#1683 = CARTESIAN_POINT('',(39.6,12.,34.6));
#1684 = DIRECTION('',(0.,-1.,1.110223024625E-16));
#1685 = DIRECTION('',(1.,0.,0.));
#1686 = ADVANCED_FACE('',(#1687),#1691,.T.);
#1687 = FACE_BOUND('',#1688,.T.);
#1688 = EDGE_LOOP('',(#1689,#1690));
#1689 = ORIENTED_EDGE('',*,*,#1504,.F.);
#1690 = ORIENTED_EDGE('',*,*,#1655,.T.);
#1691 = PLANE('',#1692);
#1692 = AXIS2_PLACEMENT_3D('',#1693,#1694,#1695);
#1693 = CARTESIAN_POINT('',(39.6,12.,34.6));
#1694 = DIRECTION('',(0.,-1.,1.110223024625E-16));
#1695 = DIRECTION('',(1.,0.,0.));
#1696 = ADVANCED_FACE('',(#1697,#1708),#1860,.F.);
#1697 = FACE_BOUND('',#1698,.F.);
#1698 = EDGE_LOOP('',(#1699,#1700,#1706,#1707));
#1699 = ORIENTED_EDGE('',*,*,#979,.F.);
#1700 = ORIENTED_EDGE('',*,*,#1701,.F.);
#1701 = EDGE_CURVE('',#1031,#980,#1702,.T.);
#1702 = LINE('',#1703,#1704);
#1703 = CARTESIAN_POINT('',(-39.6,61.7,40.5));
#1704 = VECTOR('',#1705,1.);
#1705 = DIRECTION('',(-1.224646799147E-16,-1.110223024625E-16,-1.));
#1706 = ORIENTED_EDGE('',*,*,#1030,.T.);
#1707 = ORIENTED_EDGE('',*,*,#1701,.T.);
#1708 = FACE_BOUND('',#1709,.F.);
#1709 = EDGE_LOOP('',(#1710,#1720,#1787,#1795));
#1710 = ORIENTED_EDGE('',*,*,#1711,.T.);
#1711 = EDGE_CURVE('',#1712,#1714,#1716,.T.);
#1712 = VERTEX_POINT('',#1713);
#1713 = CARTESIAN_POINT('',(-40.9,63.,35.242261628933));
#1714 = VERTEX_POINT('',#1715);
#1715 = CARTESIAN_POINT('',(-40.9,63.,33.957738371067));
#1716 = LINE('',#1717,#1718);
#1717 = CARTESIAN_POINT('',(-40.9,63.,40.5));
#1718 = VECTOR('',#1719,1.);
#1719 = DIRECTION('',(-1.224646799147E-16,-1.110223024625E-16,-1.));
#1720 = ORIENTED_EDGE('',*,*,#1721,.T.);
#1721 = EDGE_CURVE('',#1714,#1722,#1724,.T.);
#1722 = VERTEX_POINT('',#1723);
#1723 = CARTESIAN_POINT('',(-38.3,63.,33.957738371067));
#1724 = B_SPLINE_CURVE_WITH_KNOTS('',7,(#1725,#1726,#1727,#1728,#1729,
    #1730,#1731,#1732,#1733,#1734,#1735,#1736,#1737,#1738,#1739,#1740,
    #1741,#1742,#1743,#1744,#1745,#1746,#1747,#1748,#1749,#1750,#1751,
    #1752,#1753,#1754,#1755,#1756,#1757,#1758,#1759,#1760,#1761,#1762,
    #1763,#1764,#1765,#1766,#1767,#1768,#1769,#1770,#1771,#1772,#1773,
    #1774,#1775,#1776,#1777,#1778,#1779,#1780,#1781,#1782,#1783,#1784,
    #1785,#1786),.UNSPECIFIED.,.F.,.F.,(8,6,6,6,6,6,6,6,6,6,8),(0.,
    6.654521817919E-02,0.198656096373,0.37075995516,0.442994576149,
    0.555746408405,0.629424159462,0.800616320275,0.933132072159,
    0.984470004165,1.),.UNSPECIFIED.);
#1725 = CARTESIAN_POINT('',(-40.9,62.9999994,33.957738371066));
#1726 = CARTESIAN_POINT('',(-40.90000001863,63.040372898857,
    33.957738408783));
#1727 = CARTESIAN_POINT('',(-40.89853717042,63.08045047002,
    33.954777635843));
#1728 = CARTESIAN_POINT('',(-40.89565020451,63.12017939987,
    33.948933559591));
#1729 = CARTESIAN_POINT('',(-40.89137807467,63.159478534064,
    33.940393997016));
#1730 = CARTESIAN_POINT('',(-40.88577241246,63.198207062234,
    33.929459978723));
#1731 = CARTESIAN_POINT('',(-40.87892744712,63.236136733008,
    33.916542586945));
#1732 = CARTESIAN_POINT('',(-40.85534351201,63.345967465073,
    33.873587815613));
#1733 = CARTESIAN_POINT('',(-40.83517069595,63.416057100363,
    33.838620978106));
#1734 = CARTESIAN_POINT('',(-40.81094856995,63.483377550808,
    33.799580831953));
#1735 = CARTESIAN_POINT('',(-40.78299553752,63.547866981061,
    33.758379070476));
#1736 = CARTESIAN_POINT('',(-40.75160368547,63.609685571906,
    33.716098480675));
#1737 = CARTESIAN_POINT('',(-40.71664004737,63.669343353287,
    33.673153569348));
#1738 = CARTESIAN_POINT('',(-40.62639783793,63.803014677037,
    33.572952143047));
#1739 = CARTESIAN_POINT('',(-40.56878028657,63.875008520212,
    33.515973122998));
#1740 = CARTESIAN_POINT('',(-40.50436975906,63.943357962629,
    33.459970384506));
#1741 = CARTESIAN_POINT('',(-40.43281768659,64.007653725607,
    33.405926795469));
#1742 = CARTESIAN_POINT('',(-40.35375255748,64.067187696777,
    33.354949565542));
#1743 = CARTESIAN_POINT('',(-40.26688439919,64.120895995964,
    33.308331932096));
#1744 = CARTESIAN_POINT('',(-40.13231297786,64.186846995446,
    33.250549201657));
#1745 = CARTESIAN_POINT('',(-40.09112870859,64.205068903412,
    33.234506773007));
#1746 = CARTESIAN_POINT('',(-40.04861611325,64.221869069196,
    33.219655097345));
#1747 = CARTESIAN_POINT('',(-40.00485718286,64.237111263465,
    33.206134684936));
#1748 = CARTESIAN_POINT('',(-39.95994304576,64.250669117442,
    33.19407545514));
#1749 = CARTESIAN_POINT('',(-39.91397324714,64.262425882357,
    33.183596310537));
#1750 = CARTESIAN_POINT('',(-39.79381985374,64.28764652127,
    33.161081804515));
#1751 = CARTESIAN_POINT('',(-39.718283221,64.298367069821,
    33.151472257697));
#1752 = CARTESIAN_POINT('',(-39.64132287278,64.303931123784,
    33.146471087225));
#1753 = CARTESIAN_POINT('',(-39.56386754558,64.30408683904,
    33.146331117298));
#1754 = CARTESIAN_POINT('',(-39.48686318061,64.298829639706,
    33.151056960591));
#1755 = CARTESIAN_POINT('',(-39.41123912775,64.288402044823,
    33.160405069394));
#1756 = CARTESIAN_POINT('',(-39.28993408152,64.263429774431,
    33.182701499358));
#1757 = CARTESIAN_POINT('',(-39.24297146792,64.251566845041,
    33.193277107901));
#1758 = CARTESIAN_POINT('',(-39.19710089374,64.237823380148,
    33.205503459337));
#1759 = CARTESIAN_POINT('',(-39.15242851389,64.22232281564,
    33.219254882698));
#1760 = CARTESIAN_POINT('',(-39.10905143143,64.205199049891,
    33.234393722027));
#1761 = CARTESIAN_POINT('',(-39.06705688214,64.186596718541,
    33.250770799083));
#1762 = CARTESIAN_POINT('',(-38.9323362219,64.120374637098,
    33.308783198984));
#1763 = CARTESIAN_POINT('',(-38.84598576288,64.066915080459,
    33.355178931253));
#1764 = CARTESIAN_POINT('',(-38.76735398723,64.00769622935,
    33.405881990773));
#1765 = CARTESIAN_POINT('',(-38.69615540479,63.943764168388,
    33.45961988899));
#1766 = CARTESIAN_POINT('',(-38.63202481932,63.875816872541,
    33.515302363722));
#1767 = CARTESIAN_POINT('',(-38.57461894468,63.804259009218,
    33.571960538559));
#1768 = CARTESIAN_POINT('',(-38.48430475427,63.670940230911,
    33.672000899205));
#1769 = CARTESIAN_POINT('',(-38.44915468231,63.611153687208,
    33.715088262944));
#1770 = CARTESIAN_POINT('',(-38.41759867483,63.549197393536,
    33.75751826172));
#1771 = CARTESIAN_POINT('',(-38.38949957281,63.484556621013,
    33.798877971168));
#1772 = CARTESIAN_POINT('',(-38.36515122691,63.417069642992,
    33.838081584836));
#1773 = CARTESIAN_POINT('',(-38.34487411818,63.346800241432,
    33.873204924014));
#1774 = CARTESIAN_POINT('',(-38.32300342176,63.24519774215,
    33.913020639903));
#1775 = CARTESIAN_POINT('',(-38.31754428486,63.216245174741,
    33.923228180374));
#1776 = CARTESIAN_POINT('',(-38.3127967665,63.186814072771,
    33.932323761823));
#1777 = CARTESIAN_POINT('',(-38.30880465529,63.156982872033,
    33.940128764317));
#1778 = CARTESIAN_POINT('',(-38.30559901001,63.126805062699,
    33.9464898695));
#1779 = CARTESIAN_POINT('',(-38.30320538655,63.096309116337,
    33.951281326279));
#1780 = CARTESIAN_POINT('',(-38.30118087406,63.056178012256,
    33.955352814829));
#1781 = CARTESIAN_POINT('',(-38.30078802631,63.046839577996,
    33.956144894888));
#1782 = CARTESIAN_POINT('',(-38.30047313038,63.037486483538,
    33.956781024737));
#1783 = CARTESIAN_POINT('',(-38.3002366454,63.028122228802,
    33.957259371513));
#1784 = CARTESIAN_POINT('',(-38.30007888068,63.018750440233,
    33.957578701439));
#1785 = CARTESIAN_POINT('',(-38.29999999567,63.009374870801,
    33.957738379825));
#1786 = CARTESIAN_POINT('',(-38.3,62.9999994,33.957738371066));
#1787 = ORIENTED_EDGE('',*,*,#1788,.F.);
#1788 = EDGE_CURVE('',#1789,#1722,#1791,.T.);
#1789 = VERTEX_POINT('',#1790);
#1790 = CARTESIAN_POINT('',(-38.3,63.,35.242261628933));
#1791 = LINE('',#1792,#1793);
#1792 = CARTESIAN_POINT('',(-38.3,63.,40.5));
#1793 = VECTOR('',#1794,1.);
#1794 = DIRECTION('',(-1.224646799147E-16,-1.110223024625E-16,-1.));
#1795 = ORIENTED_EDGE('',*,*,#1796,.F.);
#1796 = EDGE_CURVE('',#1712,#1789,#1797,.T.);
#1797 = B_SPLINE_CURVE_WITH_KNOTS('',7,(#1798,#1799,#1800,#1801,#1802,
    #1803,#1804,#1805,#1806,#1807,#1808,#1809,#1810,#1811,#1812,#1813,
    #1814,#1815,#1816,#1817,#1818,#1819,#1820,#1821,#1822,#1823,#1824,
    #1825,#1826,#1827,#1828,#1829,#1830,#1831,#1832,#1833,#1834,#1835,
    #1836,#1837,#1838,#1839,#1840,#1841,#1842,#1843,#1844,#1845,#1846,
    #1847,#1848,#1849,#1850,#1851,#1852,#1853,#1854,#1855,#1856,#1857,
    #1858,#1859),.UNSPECIFIED.,.F.,.F.,(8,6,6,6,6,6,6,6,6,6,8),(0.,
    6.654529620837E-02,0.198656329311,0.370760389904,0.442995095593,
    0.555747060059,0.629424806351,0.800616742867,0.933132321127,
    0.984470085745,1.),.UNSPECIFIED.);
#1798 = CARTESIAN_POINT('',(-40.9,62.9999994,35.242261628934));
#1799 = CARTESIAN_POINT('',(-40.90000001863,63.040372898857,
    35.242261591217));
#1800 = CARTESIAN_POINT('',(-40.89853717042,63.08045047002,
    35.245222364157));
#1801 = CARTESIAN_POINT('',(-40.89565020451,63.12017939987,
    35.251066440409));
#1802 = CARTESIAN_POINT('',(-40.89137807467,63.159478534064,
    35.259606002984));
#1803 = CARTESIAN_POINT('',(-40.88577241246,63.198207062234,
    35.270540021277));
#1804 = CARTESIAN_POINT('',(-40.87892744712,63.236136733008,
    35.283457413055));
#1805 = CARTESIAN_POINT('',(-40.85534351201,63.345967465073,
    35.326412184387));
#1806 = CARTESIAN_POINT('',(-40.83517069595,63.416057100364,
    35.361379021895));
#1807 = CARTESIAN_POINT('',(-40.81094856995,63.483377550808,
    35.400419168047));
#1808 = CARTESIAN_POINT('',(-40.78299553752,63.547866981061,
    35.441620929525));
#1809 = CARTESIAN_POINT('',(-40.75160368547,63.609685571906,
    35.483901519325));
#1810 = CARTESIAN_POINT('',(-40.71664004737,63.669343353287,
    35.526846430652));
#1811 = CARTESIAN_POINT('',(-40.62639783793,63.803014677037,
    35.627047856953));
#1812 = CARTESIAN_POINT('',(-40.56878028657,63.875008520212,
    35.684026877002));
#1813 = CARTESIAN_POINT('',(-40.50436975906,63.943357962629,
    35.740029615494));
#1814 = CARTESIAN_POINT('',(-40.43281768659,64.007653725607,
    35.794073204531));
#1815 = CARTESIAN_POINT('',(-40.35375255748,64.067187696776,
    35.845050434458));
#1816 = CARTESIAN_POINT('',(-40.26688439919,64.120895995964,
    35.891668067904));
#1817 = CARTESIAN_POINT('',(-40.13231297786,64.186846995446,
    35.949450798343));
#1818 = CARTESIAN_POINT('',(-40.09112870859,64.205068903412,
    35.965493226993));
#1819 = CARTESIAN_POINT('',(-40.04861611325,64.221869069196,
    35.980344902655));
#1820 = CARTESIAN_POINT('',(-40.00485718286,64.237111263465,
    35.993865315064));
#1821 = CARTESIAN_POINT('',(-39.95994304576,64.250669117442,
    36.00592454486));
#1822 = CARTESIAN_POINT('',(-39.91397324714,64.262425882357,
    36.016403689463));
#1823 = CARTESIAN_POINT('',(-39.79381985374,64.28764652127,
    36.038918195485));
#1824 = CARTESIAN_POINT('',(-39.718283221,64.298367069821,
    36.048527742303));
#1825 = CARTESIAN_POINT('',(-39.64132287278,64.303931123784,
    36.053528912775));
#1826 = CARTESIAN_POINT('',(-39.56386754558,64.30408683904,
    36.053668882702));
#1827 = CARTESIAN_POINT('',(-39.48686318061,64.298829639706,
    36.048943039409));
#1828 = CARTESIAN_POINT('',(-39.41123912775,64.288402044823,
    36.039594930606));
#1829 = CARTESIAN_POINT('',(-39.28993414083,64.263429786642,
    36.017298511545));
#1830 = CARTESIAN_POINT('',(-39.24297147254,64.251566850786,
    36.006722897084));
#1831 = CARTESIAN_POINT('',(-39.19710084913,64.237823369135,
    35.994496530871));
#1832 = CARTESIAN_POINT('',(-39.15242847391,64.222322798005,
    35.980745101815));
#1833 = CARTESIAN_POINT('',(-39.10905144083,64.205199048802,
    35.965606277079));
#1834 = CARTESIAN_POINT('',(-39.06705693263,64.186596743359,
    35.949229222658));
#1835 = CARTESIAN_POINT('',(-38.9323362219,64.120374637098,
    35.891216801016));
#1836 = CARTESIAN_POINT('',(-38.84598576288,64.066915080459,
    35.844821068747));
#1837 = CARTESIAN_POINT('',(-38.76735398723,64.00769622935,
    35.794118009226));
#1838 = CARTESIAN_POINT('',(-38.6961554048,63.943764168388,
    35.740380111011));
#1839 = CARTESIAN_POINT('',(-38.63202481932,63.87581687254,
    35.684697636278));
#1840 = CARTESIAN_POINT('',(-38.57461894468,63.804259009218,
    35.628039461441));
#1841 = CARTESIAN_POINT('',(-38.48430475427,63.670940230911,
    35.527999100795));
#1842 = CARTESIAN_POINT('',(-38.44915468231,63.611153687208,
    35.484911737056));
#1843 = CARTESIAN_POINT('',(-38.41759867483,63.549197393537,
    35.44248173828));
#1844 = CARTESIAN_POINT('',(-38.38949957281,63.484556621013,
    35.401122028832));
#1845 = CARTESIAN_POINT('',(-38.36515122691,63.417069642992,
    35.361918415164));
#1846 = CARTESIAN_POINT('',(-38.34487411818,63.346800241432,
    35.326795075987));
#1847 = CARTESIAN_POINT('',(-38.32300343367,63.245197797482,
    35.28697938178));
#1848 = CARTESIAN_POINT('',(-38.317544283,63.21624518136,35.276771816364
    ));
#1849 = CARTESIAN_POINT('',(-38.31279675796,63.186814026736,
    35.267676222439));
#1850 = CARTESIAN_POINT('',(-38.30880465169,63.156982824593,
    35.25987122867));
#1851 = CARTESIAN_POINT('',(-38.30559901347,63.126805068996,
    35.253510136629));
#1852 = CARTESIAN_POINT('',(-38.30320538964,63.09630917773,
    35.24871867995));
#1853 = CARTESIAN_POINT('',(-38.30118087406,63.056178012256,
    35.244647185171));
#1854 = CARTESIAN_POINT('',(-38.30078802631,63.046839577996,
    35.243855105112));
#1855 = CARTESIAN_POINT('',(-38.30047313038,63.037486483538,
    35.243218975263));
#1856 = CARTESIAN_POINT('',(-38.3002366454,63.028122228802,
    35.242740628487));
#1857 = CARTESIAN_POINT('',(-38.30007888068,63.018750440233,
    35.242421298561));
#1858 = CARTESIAN_POINT('',(-38.29999999567,63.009374870801,
    35.242261620175));
#1859 = CARTESIAN_POINT('',(-38.3,62.9999994,35.242261628934));
#1860 = CYLINDRICAL_SURFACE('',#1861,1.3);
#1861 = AXIS2_PLACEMENT_3D('',#1862,#1863,#1864);
#1862 = CARTESIAN_POINT('',(-39.6,63.,40.5));
#1863 = DIRECTION('',(-1.224646799147E-16,-1.110223024625E-16,-1.));
#1864 = DIRECTION('',(0.,-1.,1.110223024625E-16));
#1865 = ADVANCED_FACE('',(#1866),#1909,.F.);
#1866 = FACE_BOUND('',#1867,.F.);
#1867 = EDGE_LOOP('',(#1868,#1878,#1885,#1886,#1893,#1894,#1901,#1902));
#1868 = ORIENTED_EDGE('',*,*,#1869,.T.);
#1869 = EDGE_CURVE('',#1870,#1872,#1874,.T.);
#1870 = VERTEX_POINT('',#1871);
#1871 = CARTESIAN_POINT('',(-38.15,75.,34.6));
#1872 = VERTEX_POINT('',#1873);
#1873 = CARTESIAN_POINT('',(-38.15,63.,34.6));
#1874 = LINE('',#1875,#1876);
#1875 = CARTESIAN_POINT('',(-38.15,75.,34.6));
#1876 = VECTOR('',#1877,1.);
#1877 = DIRECTION('',(0.,-1.,1.110223024625E-16));
#1878 = ORIENTED_EDGE('',*,*,#1879,.F.);
#1879 = EDGE_CURVE('',#1722,#1872,#1880,.T.);
#1880 = CIRCLE('',#1881,1.45);
#1881 = AXIS2_PLACEMENT_3D('',#1882,#1883,#1884);
#1882 = CARTESIAN_POINT('',(-39.6,63.,34.6));
#1883 = DIRECTION('',(0.,-1.,1.110223024625E-16));
#1884 = DIRECTION('',(1.,0.,0.));
#1885 = ORIENTED_EDGE('',*,*,#1721,.F.);
#1886 = ORIENTED_EDGE('',*,*,#1887,.F.);
#1887 = EDGE_CURVE('',#1712,#1714,#1888,.T.);
#1888 = CIRCLE('',#1889,1.45);
#1889 = AXIS2_PLACEMENT_3D('',#1890,#1891,#1892);
#1890 = CARTESIAN_POINT('',(-39.6,63.,34.6));
#1891 = DIRECTION('',(0.,-1.,1.110223024625E-16));
#1892 = DIRECTION('',(1.,0.,0.));
#1893 = ORIENTED_EDGE('',*,*,#1796,.T.);
#1894 = ORIENTED_EDGE('',*,*,#1895,.F.);
#1895 = EDGE_CURVE('',#1872,#1789,#1896,.T.);
#1896 = CIRCLE('',#1897,1.45);
#1897 = AXIS2_PLACEMENT_3D('',#1898,#1899,#1900);
#1898 = CARTESIAN_POINT('',(-39.6,63.,34.6));
#1899 = DIRECTION('',(0.,-1.,1.110223024625E-16));
#1900 = DIRECTION('',(1.,0.,0.));
#1901 = ORIENTED_EDGE('',*,*,#1869,.F.);
#1902 = ORIENTED_EDGE('',*,*,#1903,.T.);
#1903 = EDGE_CURVE('',#1870,#1870,#1904,.T.);
#1904 = CIRCLE('',#1905,1.45);
#1905 = AXIS2_PLACEMENT_3D('',#1906,#1907,#1908);
#1906 = CARTESIAN_POINT('',(-39.6,75.,34.6));
#1907 = DIRECTION('',(0.,-1.,1.110223024625E-16));
#1908 = DIRECTION('',(1.,0.,0.));
#1909 = CYLINDRICAL_SURFACE('',#1910,1.45);
#1910 = AXIS2_PLACEMENT_3D('',#1911,#1912,#1913);
#1911 = CARTESIAN_POINT('',(-39.6,75.,34.6));
#1912 = DIRECTION('',(0.,-1.,1.110223024625E-16));
#1913 = DIRECTION('',(1.,0.,0.));
#1914 = ADVANCED_FACE('',(#1915,#1926),#2078,.F.);
#1915 = FACE_BOUND('',#1916,.F.);
#1916 = EDGE_LOOP('',(#1917,#1918,#1924,#1925));
#1917 = ORIENTED_EDGE('',*,*,#1125,.F.);
#1918 = ORIENTED_EDGE('',*,*,#1919,.F.);
#1919 = EDGE_CURVE('',#1070,#1126,#1920,.T.);
#1920 = LINE('',#1921,#1922);
#1921 = CARTESIAN_POINT('',(39.6,61.7,40.5));
#1922 = VECTOR('',#1923,1.);
#1923 = DIRECTION('',(-1.224646799147E-16,-1.110223024625E-16,-1.));
#1924 = ORIENTED_EDGE('',*,*,#1069,.T.);
#1925 = ORIENTED_EDGE('',*,*,#1919,.T.);
#1926 = FACE_BOUND('',#1927,.F.);
#1927 = EDGE_LOOP('',(#1928,#1938,#2005,#2013));
#1928 = ORIENTED_EDGE('',*,*,#1929,.T.);
#1929 = EDGE_CURVE('',#1930,#1932,#1934,.T.);
#1930 = VERTEX_POINT('',#1931);
#1931 = CARTESIAN_POINT('',(38.3,63.,35.242261628933));
#1932 = VERTEX_POINT('',#1933);
#1933 = CARTESIAN_POINT('',(38.3,63.,33.957738371067));
#1934 = LINE('',#1935,#1936);
#1935 = CARTESIAN_POINT('',(38.3,63.,40.5));
#1936 = VECTOR('',#1937,1.);
#1937 = DIRECTION('',(-1.224646799147E-16,-1.110223024625E-16,-1.));
#1938 = ORIENTED_EDGE('',*,*,#1939,.T.);
#1939 = EDGE_CURVE('',#1932,#1940,#1942,.T.);
#1940 = VERTEX_POINT('',#1941);
#1941 = CARTESIAN_POINT('',(40.9,63.,33.957738371067));
#1942 = B_SPLINE_CURVE_WITH_KNOTS('',7,(#1943,#1944,#1945,#1946,#1947,
    #1948,#1949,#1950,#1951,#1952,#1953,#1954,#1955,#1956,#1957,#1958,
    #1959,#1960,#1961,#1962,#1963,#1964,#1965,#1966,#1967,#1968,#1969,
    #1970,#1971,#1972,#1973,#1974,#1975,#1976,#1977,#1978,#1979,#1980,
    #1981,#1982,#1983,#1984,#1985,#1986,#1987,#1988,#1989,#1990,#1991,
    #1992,#1993,#1994,#1995,#1996,#1997,#1998,#1999,#2000,#2001,#2002,
    #2003,#2004),.UNSPECIFIED.,.F.,.F.,(8,6,6,6,6,6,6,6,6,6,8),(0.,
    6.654521817919E-02,0.198656096373,0.37075995516,0.442994576149,
    0.555746408405,0.629424159462,0.800616320275,0.933132072159,
    0.984470004165,1.),.UNSPECIFIED.);
#1943 = CARTESIAN_POINT('',(38.3,62.9999994,33.957738371066));
#1944 = CARTESIAN_POINT('',(38.299999981366,63.040372898857,
    33.957738408783));
#1945 = CARTESIAN_POINT('',(38.301462829577,63.08045047002,
    33.954777635843));
#1946 = CARTESIAN_POINT('',(38.304349795484,63.12017939987,
    33.948933559591));
#1947 = CARTESIAN_POINT('',(38.308621925329,63.159478534064,
    33.940393997016));
#1948 = CARTESIAN_POINT('',(38.314227587532,63.198207062234,
    33.929459978723));
#1949 = CARTESIAN_POINT('',(38.321072552878,63.236136733008,
    33.916542586945));
#1950 = CARTESIAN_POINT('',(38.344656487984,63.345967465073,
    33.873587815613));
#1951 = CARTESIAN_POINT('',(38.364829304042,63.416057100363,
    33.838620978106));
#1952 = CARTESIAN_POINT('',(38.389051430044,63.483377550808,
    33.799580831953));
#1953 = CARTESIAN_POINT('',(38.417004462476,63.547866981061,
    33.758379070476));
#1954 = CARTESIAN_POINT('',(38.448396314521,63.609685571906,
    33.716098480675));
#1955 = CARTESIAN_POINT('',(38.483359952623,63.669343353287,
    33.673153569348));
#1956 = CARTESIAN_POINT('',(38.573602162065,63.803014677037,
    33.572952143047));
#1957 = CARTESIAN_POINT('',(38.631219713428,63.875008520212,
    33.515973122998));
#1958 = CARTESIAN_POINT('',(38.695630240939,63.943357962629,
    33.459970384506));
#1959 = CARTESIAN_POINT('',(38.767182313401,64.007653725607,
    33.405926795469));
#1960 = CARTESIAN_POINT('',(38.846247442515,64.067187696777,
    33.354949565542));
#1961 = CARTESIAN_POINT('',(38.933115600803,64.120895995964,
    33.308331932096));
#1962 = CARTESIAN_POINT('',(39.067687022138,64.186846995446,
    33.250549201657));
#1963 = CARTESIAN_POINT('',(39.108871291404,64.205068903412,
    33.234506773007));
#1964 = CARTESIAN_POINT('',(39.151383886749,64.221869069196,
    33.219655097345));
#1965 = CARTESIAN_POINT('',(39.195142817133,64.237111263465,
    33.206134684936));
#1966 = CARTESIAN_POINT('',(39.240056954232,64.250669117442,
    33.19407545514));
#1967 = CARTESIAN_POINT('',(39.286026752854,64.262425882357,
    33.183596310537));
#1968 = CARTESIAN_POINT('',(39.406180146252,64.28764652127,
    33.161081804515));
#1969 = CARTESIAN_POINT('',(39.481716779,64.298367069821,33.151472257697
    ));
#1970 = CARTESIAN_POINT('',(39.55867712722,64.303931123784,
    33.146471087225));
#1971 = CARTESIAN_POINT('',(39.636132454412,64.30408683904,
    33.146331117298));
#1972 = CARTESIAN_POINT('',(39.713136819389,64.298829639706,
    33.151056960591));
#1973 = CARTESIAN_POINT('',(39.788760872246,64.288402044823,
    33.160405069394));
#1974 = CARTESIAN_POINT('',(39.91006591848,64.263429774431,
    33.182701499358));
#1975 = CARTESIAN_POINT('',(39.957028532074,64.251566845041,
    33.193277107901));
#1976 = CARTESIAN_POINT('',(40.00289910626,64.237823380148,
    33.205503459337));
#1977 = CARTESIAN_POINT('',(40.047571486109,64.22232281564,
    33.219254882698));
#1978 = CARTESIAN_POINT('',(40.090948568565,64.205199049891,
    33.234393722027));
#1979 = CARTESIAN_POINT('',(40.132943117857,64.186596718541,
    33.250770799083));
#1980 = CARTESIAN_POINT('',(40.267663778098,64.120374637098,
    33.308783198984));
#1981 = CARTESIAN_POINT('',(40.354014237118,64.066915080459,
    33.355178931253));
#1982 = CARTESIAN_POINT('',(40.432646012765,64.00769622935,
    33.405881990773));
#1983 = CARTESIAN_POINT('',(40.503844595201,63.943764168388,
    33.45961988899));
#1984 = CARTESIAN_POINT('',(40.567975180675,63.875816872541,
    33.515302363722));
#1985 = CARTESIAN_POINT('',(40.62538105532,63.804259009218,
    33.571960538559));
#1986 = CARTESIAN_POINT('',(40.715695245726,63.670940230911,
    33.672000899205));
#1987 = CARTESIAN_POINT('',(40.750845317688,63.611153687208,
    33.715088262944));
#1988 = CARTESIAN_POINT('',(40.782401325166,63.549197393536,
    33.75751826172));
#1989 = CARTESIAN_POINT('',(40.810500427183,63.484556621013,
    33.798877971168));
#1990 = CARTESIAN_POINT('',(40.834848773083,63.417069642992,
    33.838081584836));
#1991 = CARTESIAN_POINT('',(40.855125881812,63.346800241432,
    33.873204924014));
#1992 = CARTESIAN_POINT('',(40.876996578234,63.24519774215,
    33.913020639903));
#1993 = CARTESIAN_POINT('',(40.882455715136,63.216245174741,
    33.923228180374));
#1994 = CARTESIAN_POINT('',(40.887203233493,63.186814072771,
    33.932323761823));
#1995 = CARTESIAN_POINT('',(40.89119534471,63.156982872033,
    33.940128764317));
#1996 = CARTESIAN_POINT('',(40.894400989983,63.126805062699,
    33.9464898695));
#1997 = CARTESIAN_POINT('',(40.89679461345,63.096309116337,
    33.951281326279));
#1998 = CARTESIAN_POINT('',(40.898819125932,63.056178012256,
    33.955352814829));
#1999 = CARTESIAN_POINT('',(40.899211973682,63.046839577996,
    33.956144894888));
#2000 = CARTESIAN_POINT('',(40.899526869615,63.037486483538,
    33.956781024737));
#2001 = CARTESIAN_POINT('',(40.899763354593,63.028122228802,
    33.957259371513));
#2002 = CARTESIAN_POINT('',(40.899921119318,63.018750440233,
    33.957578701439));
#2003 = CARTESIAN_POINT('',(40.900000004327,63.009374870801,
    33.957738379825));
#2004 = CARTESIAN_POINT('',(40.9,62.9999994,33.957738371066));
#2005 = ORIENTED_EDGE('',*,*,#2006,.F.);
#2006 = EDGE_CURVE('',#2007,#1940,#2009,.T.);
#2007 = VERTEX_POINT('',#2008);
#2008 = CARTESIAN_POINT('',(40.9,63.,35.242261628933));
#2009 = LINE('',#2010,#2011);
#2010 = CARTESIAN_POINT('',(40.9,63.,40.5));
#2011 = VECTOR('',#2012,1.);
#2012 = DIRECTION('',(-1.224646799147E-16,-1.110223024625E-16,-1.));
#2013 = ORIENTED_EDGE('',*,*,#2014,.F.);
#2014 = EDGE_CURVE('',#1930,#2007,#2015,.T.);
#2015 = B_SPLINE_CURVE_WITH_KNOTS('',7,(#2016,#2017,#2018,#2019,#2020,
    #2021,#2022,#2023,#2024,#2025,#2026,#2027,#2028,#2029,#2030,#2031,
    #2032,#2033,#2034,#2035,#2036,#2037,#2038,#2039,#2040,#2041,#2042,
    #2043,#2044,#2045,#2046,#2047,#2048,#2049,#2050,#2051,#2052,#2053,
    #2054,#2055,#2056,#2057,#2058,#2059,#2060,#2061,#2062,#2063,#2064,
    #2065,#2066,#2067,#2068,#2069,#2070,#2071,#2072,#2073,#2074,#2075,
    #2076,#2077),.UNSPECIFIED.,.F.,.F.,(8,6,6,6,6,6,6,6,6,6,8),(0.,
    6.654529620833E-02,0.198656329311,0.370760389904,0.442995095593,
    0.555747060059,0.629424806351,0.800616742867,0.933132321127,
    0.984470085745,1.),.UNSPECIFIED.);
#2016 = CARTESIAN_POINT('',(38.3,62.9999994,35.242261628934));
#2017 = CARTESIAN_POINT('',(38.299999981366,63.040372898857,
    35.242261591217));
#2018 = CARTESIAN_POINT('',(38.301462829577,63.08045047002,
    35.245222364157));
#2019 = CARTESIAN_POINT('',(38.304349795484,63.12017939987,
    35.251066440409));
#2020 = CARTESIAN_POINT('',(38.308621925329,63.159478534064,
    35.259606002984));
#2021 = CARTESIAN_POINT('',(38.314227587532,63.198207062234,
    35.270540021277));
#2022 = CARTESIAN_POINT('',(38.321072552878,63.236136733008,
    35.283457413055));
#2023 = CARTESIAN_POINT('',(38.344656487984,63.345967465073,
    35.326412184387));
#2024 = CARTESIAN_POINT('',(38.364829304042,63.416057100364,
    35.361379021895));
#2025 = CARTESIAN_POINT('',(38.389051430044,63.483377550808,
    35.400419168047));
#2026 = CARTESIAN_POINT('',(38.417004462476,63.547866981061,
    35.441620929525));
#2027 = CARTESIAN_POINT('',(38.448396314521,63.609685571906,
    35.483901519325));
#2028 = CARTESIAN_POINT('',(38.483359952623,63.669343353287,
    35.526846430652));
#2029 = CARTESIAN_POINT('',(38.573602162065,63.803014677037,
    35.627047856953));
#2030 = CARTESIAN_POINT('',(38.631219713428,63.875008520212,
    35.684026877002));
#2031 = CARTESIAN_POINT('',(38.695630240939,63.943357962629,
    35.740029615494));
#2032 = CARTESIAN_POINT('',(38.767182313401,64.007653725607,
    35.794073204531));
#2033 = CARTESIAN_POINT('',(38.846247442515,64.067187696776,
    35.845050434458));
#2034 = CARTESIAN_POINT('',(38.933115600803,64.120895995964,
    35.891668067904));
#2035 = CARTESIAN_POINT('',(39.067687022138,64.186846995446,
    35.949450798343));
#2036 = CARTESIAN_POINT('',(39.108871291404,64.205068903412,
    35.965493226993));
#2037 = CARTESIAN_POINT('',(39.151383886749,64.221869069196,
    35.980344902655));
#2038 = CARTESIAN_POINT('',(39.195142817133,64.237111263465,
    35.993865315064));
#2039 = CARTESIAN_POINT('',(39.240056954232,64.250669117442,
    36.00592454486));
#2040 = CARTESIAN_POINT('',(39.286026752854,64.262425882357,
    36.016403689463));
#2041 = CARTESIAN_POINT('',(39.406180146252,64.28764652127,
    36.038918195485));
#2042 = CARTESIAN_POINT('',(39.481716779,64.298367069821,36.048527742303
    ));
#2043 = CARTESIAN_POINT('',(39.55867712722,64.303931123784,
    36.053528912775));
#2044 = CARTESIAN_POINT('',(39.636132454412,64.30408683904,
    36.053668882702));
#2045 = CARTESIAN_POINT('',(39.713136819389,64.298829639706,
    36.048943039409));
#2046 = CARTESIAN_POINT('',(39.788760872246,64.288402044823,
    36.039594930606));
#2047 = CARTESIAN_POINT('',(39.910065859166,64.263429786642,
    36.017298511545));
#2048 = CARTESIAN_POINT('',(39.95702852746,64.251566850786,
    36.006722897084));
#2049 = CARTESIAN_POINT('',(40.002899150869,64.237823369135,
    35.994496530871));
#2050 = CARTESIAN_POINT('',(40.047571526083,64.222322798005,
    35.980745101815));
#2051 = CARTESIAN_POINT('',(40.090948559168,64.205199048802,
    35.965606277079));
#2052 = CARTESIAN_POINT('',(40.132943067368,64.186596743359,
    35.949229222658));
#2053 = CARTESIAN_POINT('',(40.267663778099,64.120374637098,
    35.891216801016));
#2054 = CARTESIAN_POINT('',(40.354014237118,64.066915080459,
    35.844821068747));
#2055 = CARTESIAN_POINT('',(40.432646012765,64.00769622935,
    35.794118009226));
#2056 = CARTESIAN_POINT('',(40.5038445952,63.943764168388,
    35.740380111011));
#2057 = CARTESIAN_POINT('',(40.567975180676,63.87581687254,
    35.684697636278));
#2058 = CARTESIAN_POINT('',(40.62538105532,63.804259009218,
    35.628039461441));
#2059 = CARTESIAN_POINT('',(40.715695245726,63.670940230911,
    35.527999100795));
#2060 = CARTESIAN_POINT('',(40.750845317688,63.611153687208,
    35.484911737056));
#2061 = CARTESIAN_POINT('',(40.782401325165,63.549197393537,
    35.44248173828));
#2062 = CARTESIAN_POINT('',(40.810500427184,63.484556621013,
    35.401122028832));
#2063 = CARTESIAN_POINT('',(40.834848773083,63.417069642992,
    35.361918415164));
#2064 = CARTESIAN_POINT('',(40.855125881812,63.346800241432,
    35.326795075987));
#2065 = CARTESIAN_POINT('',(40.876996566324,63.245197797482,
    35.28697938178));
#2066 = CARTESIAN_POINT('',(40.882455716998,63.21624518136,
    35.276771816364));
#2067 = CARTESIAN_POINT('',(40.887203242038,63.186814026736,
    35.267676222439));
#2068 = CARTESIAN_POINT('',(40.891195348303,63.156982824593,
    35.25987122867));
#2069 = CARTESIAN_POINT('',(40.894400986528,63.126805068996,
    35.253510136629));
#2070 = CARTESIAN_POINT('',(40.896794610352,63.09630917773,
    35.24871867995));
#2071 = CARTESIAN_POINT('',(40.898819125932,63.056178012256,
    35.244647185171));
#2072 = CARTESIAN_POINT('',(40.899211973682,63.046839577996,
    35.243855105112));
#2073 = CARTESIAN_POINT('',(40.899526869615,63.037486483538,
    35.243218975263));
#2074 = CARTESIAN_POINT('',(40.899763354593,63.028122228802,
    35.242740628487));
#2075 = CARTESIAN_POINT('',(40.899921119318,63.018750440233,
    35.242421298561));
#2076 = CARTESIAN_POINT('',(40.900000004327,63.009374870801,
    35.242261620175));
#2077 = CARTESIAN_POINT('',(40.9,62.9999994,35.242261628934));
#2078 = CYLINDRICAL_SURFACE('',#2079,1.3);
#2079 = AXIS2_PLACEMENT_3D('',#2080,#2081,#2082);
#2080 = CARTESIAN_POINT('',(39.6,63.,40.5));
#2081 = DIRECTION('',(-1.224646799147E-16,-1.110223024625E-16,-1.));
#2082 = DIRECTION('',(0.,-1.,1.110223024625E-16));
#2083 = ADVANCED_FACE('',(#2084),#2127,.F.);
#2084 = FACE_BOUND('',#2085,.F.);
#2085 = EDGE_LOOP('',(#2086,#2096,#2103,#2104,#2111,#2112,#2119,#2120));
#2086 = ORIENTED_EDGE('',*,*,#2087,.T.);
#2087 = EDGE_CURVE('',#2088,#2090,#2092,.T.);
#2088 = VERTEX_POINT('',#2089);
#2089 = CARTESIAN_POINT('',(41.05,75.,34.6));
#2090 = VERTEX_POINT('',#2091);
#2091 = CARTESIAN_POINT('',(41.05,63.,34.6));
#2092 = LINE('',#2093,#2094);
#2093 = CARTESIAN_POINT('',(41.05,75.,34.6));
#2094 = VECTOR('',#2095,1.);
#2095 = DIRECTION('',(0.,-1.,1.110223024625E-16));
#2096 = ORIENTED_EDGE('',*,*,#2097,.F.);
#2097 = EDGE_CURVE('',#1940,#2090,#2098,.T.);
#2098 = CIRCLE('',#2099,1.45);
#2099 = AXIS2_PLACEMENT_3D('',#2100,#2101,#2102);
#2100 = CARTESIAN_POINT('',(39.6,63.,34.6));
#2101 = DIRECTION('',(0.,-1.,1.110223024625E-16));
#2102 = DIRECTION('',(1.,0.,0.));
#2103 = ORIENTED_EDGE('',*,*,#1939,.F.);
#2104 = ORIENTED_EDGE('',*,*,#2105,.F.);
#2105 = EDGE_CURVE('',#1930,#1932,#2106,.T.);
#2106 = CIRCLE('',#2107,1.45);
#2107 = AXIS2_PLACEMENT_3D('',#2108,#2109,#2110);
#2108 = CARTESIAN_POINT('',(39.6,63.,34.6));
#2109 = DIRECTION('',(0.,-1.,1.110223024625E-16));
#2110 = DIRECTION('',(1.,0.,0.));
#2111 = ORIENTED_EDGE('',*,*,#2014,.T.);
#2112 = ORIENTED_EDGE('',*,*,#2113,.F.);
#2113 = EDGE_CURVE('',#2090,#2007,#2114,.T.);
#2114 = CIRCLE('',#2115,1.45);
#2115 = AXIS2_PLACEMENT_3D('',#2116,#2117,#2118);
#2116 = CARTESIAN_POINT('',(39.6,63.,34.6));
#2117 = DIRECTION('',(0.,-1.,1.110223024625E-16));
#2118 = DIRECTION('',(1.,0.,0.));
#2119 = ORIENTED_EDGE('',*,*,#2087,.F.);
#2120 = ORIENTED_EDGE('',*,*,#2121,.T.);
#2121 = EDGE_CURVE('',#2088,#2088,#2122,.T.);
#2122 = CIRCLE('',#2123,1.45);
#2123 = AXIS2_PLACEMENT_3D('',#2124,#2125,#2126);
#2124 = CARTESIAN_POINT('',(39.6,75.,34.6));
#2125 = DIRECTION('',(0.,-1.,1.110223024625E-16));
#2126 = DIRECTION('',(1.,0.,0.));
#2127 = CYLINDRICAL_SURFACE('',#2128,1.45);
#2128 = AXIS2_PLACEMENT_3D('',#2129,#2130,#2131);
#2129 = CARTESIAN_POINT('',(39.6,75.,34.6));
#2130 = DIRECTION('',(0.,-1.,1.110223024625E-16));
#2131 = DIRECTION('',(1.,0.,0.));
#2132 = ADVANCED_FACE('',(#2133),#2138,.F.);
#2133 = FACE_BOUND('',#2134,.F.);
#2134 = EDGE_LOOP('',(#2135,#2136,#2137));
#2135 = ORIENTED_EDGE('',*,*,#1879,.T.);
#2136 = ORIENTED_EDGE('',*,*,#1895,.T.);
#2137 = ORIENTED_EDGE('',*,*,#1788,.T.);
#2138 = PLANE('',#2139);
#2139 = AXIS2_PLACEMENT_3D('',#2140,#2141,#2142);
#2140 = CARTESIAN_POINT('',(-39.6,63.,34.6));
#2141 = DIRECTION('',(0.,-1.,1.110223024625E-16));
#2142 = DIRECTION('',(1.,0.,0.));
#2143 = ADVANCED_FACE('',(#2144),#2148,.F.);
#2144 = FACE_BOUND('',#2145,.F.);
#2145 = EDGE_LOOP('',(#2146,#2147));
#2146 = ORIENTED_EDGE('',*,*,#1711,.F.);
#2147 = ORIENTED_EDGE('',*,*,#1887,.T.);
#2148 = PLANE('',#2149);
#2149 = AXIS2_PLACEMENT_3D('',#2150,#2151,#2152);
#2150 = CARTESIAN_POINT('',(-39.6,63.,34.6));
#2151 = DIRECTION('',(0.,-1.,1.110223024625E-16));
#2152 = DIRECTION('',(1.,0.,0.));
#2153 = ADVANCED_FACE('',(#2154),#2159,.F.);
#2154 = FACE_BOUND('',#2155,.F.);
#2155 = EDGE_LOOP('',(#2156,#2157,#2158));
#2156 = ORIENTED_EDGE('',*,*,#2097,.T.);
#2157 = ORIENTED_EDGE('',*,*,#2113,.T.);
#2158 = ORIENTED_EDGE('',*,*,#2006,.T.);
#2159 = PLANE('',#2160);
#2160 = AXIS2_PLACEMENT_3D('',#2161,#2162,#2163);
#2161 = CARTESIAN_POINT('',(39.6,63.,34.6));
#2162 = DIRECTION('',(0.,-1.,1.110223024625E-16));
#2163 = DIRECTION('',(1.,0.,0.));
#2164 = ADVANCED_FACE('',(#2165),#2169,.F.);
#2165 = FACE_BOUND('',#2166,.F.);
#2166 = EDGE_LOOP('',(#2167,#2168));
#2167 = ORIENTED_EDGE('',*,*,#1929,.F.);
#2168 = ORIENTED_EDGE('',*,*,#2105,.T.);
#2169 = PLANE('',#2170);
#2170 = AXIS2_PLACEMENT_3D('',#2171,#2172,#2173);
#2171 = CARTESIAN_POINT('',(39.6,63.,34.6));
#2172 = DIRECTION('',(0.,-1.,1.110223024625E-16));
#2173 = DIRECTION('',(1.,0.,0.));
#2174 = ADVANCED_FACE('',(#2175,#2181,#2187,#2190,#2193,#2204),#2215,.T.
  );
#2175 = FACE_BOUND('',#2176,.T.);
#2176 = EDGE_LOOP('',(#2177,#2178,#2179,#2180));
#2177 = ORIENTED_EDGE('',*,*,#47,.F.);
#2178 = ORIENTED_EDGE('',*,*,#70,.T.);
#2179 = ORIENTED_EDGE('',*,*,#230,.T.);
#2180 = ORIENTED_EDGE('',*,*,#166,.F.);
#2181 = FACE_BOUND('',#2182,.T.);
#2182 = EDGE_LOOP('',(#2183,#2184,#2185,#2186));
#2183 = ORIENTED_EDGE('',*,*,#509,.T.);
#2184 = ORIENTED_EDGE('',*,*,#557,.T.);
#2185 = ORIENTED_EDGE('',*,*,#574,.F.);
#2186 = ORIENTED_EDGE('',*,*,#533,.F.);
#2187 = FACE_BOUND('',#2188,.T.);
#2188 = EDGE_LOOP('',(#2189));
#2189 = ORIENTED_EDGE('',*,*,#1402,.F.);
#2190 = FACE_BOUND('',#2191,.T.);
#2191 = EDGE_LOOP('',(#2192));
#2192 = ORIENTED_EDGE('',*,*,#1638,.F.);
#2193 = FACE_BOUND('',#2194,.T.);
#2194 = EDGE_LOOP('',(#2195));
#2195 = ORIENTED_EDGE('',*,*,#2196,.F.);
#2196 = EDGE_CURVE('',#2197,#2197,#2199,.T.);
#2197 = VERTEX_POINT('',#2198);
#2198 = CARTESIAN_POINT('',(-38.15,0.,5.4));
#2199 = CIRCLE('',#2200,1.45);
#2200 = AXIS2_PLACEMENT_3D('',#2201,#2202,#2203);
#2201 = CARTESIAN_POINT('',(-39.6,0.,5.4));
#2202 = DIRECTION('',(0.,-1.,1.110223024625E-16));
#2203 = DIRECTION('',(1.,0.,0.));
#2204 = FACE_BOUND('',#2205,.T.);
#2205 = EDGE_LOOP('',(#2206));
#2206 = ORIENTED_EDGE('',*,*,#2207,.F.);
#2207 = EDGE_CURVE('',#2208,#2208,#2210,.T.);
#2208 = VERTEX_POINT('',#2209);
#2209 = CARTESIAN_POINT('',(41.05,0.,5.4));
#2210 = CIRCLE('',#2211,1.45);
#2211 = AXIS2_PLACEMENT_3D('',#2212,#2213,#2214);
#2212 = CARTESIAN_POINT('',(39.6,0.,5.4));
#2213 = DIRECTION('',(0.,-1.,1.110223024625E-16));
#2214 = DIRECTION('',(1.,0.,0.));
#2215 = PLANE('',#2216);
#2216 = AXIS2_PLACEMENT_3D('',#2217,#2218,#2219);
#2217 = CARTESIAN_POINT('',(-45.,0.,8.326672684689E-15));
#2218 = DIRECTION('',(0.,-1.,1.110223024625E-16));
#2219 = DIRECTION('',(1.,0.,0.));
#2220 = ADVANCED_FACE('',(#2221),#2240,.F.);
#2221 = FACE_BOUND('',#2222,.F.);
#2222 = EDGE_LOOP('',(#2223,#2224,#2232,#2239));
#2223 = ORIENTED_EDGE('',*,*,#2196,.F.);
#2224 = ORIENTED_EDGE('',*,*,#2225,.F.);
#2225 = EDGE_CURVE('',#2226,#2197,#2228,.T.);
#2226 = VERTEX_POINT('',#2227);
#2227 = CARTESIAN_POINT('',(-38.15,12.,5.4));
#2228 = LINE('',#2229,#2230);
#2229 = CARTESIAN_POINT('',(-38.15,12.,5.4));
#2230 = VECTOR('',#2231,1.);
#2231 = DIRECTION('',(0.,-1.,1.110223024625E-16));
#2232 = ORIENTED_EDGE('',*,*,#2233,.T.);
#2233 = EDGE_CURVE('',#2226,#2226,#2234,.T.);
#2234 = CIRCLE('',#2235,1.45);
#2235 = AXIS2_PLACEMENT_3D('',#2236,#2237,#2238);
#2236 = CARTESIAN_POINT('',(-39.6,12.,5.4));
#2237 = DIRECTION('',(0.,-1.,1.110223024625E-16));
#2238 = DIRECTION('',(1.,0.,0.));
#2239 = ORIENTED_EDGE('',*,*,#2225,.T.);
#2240 = CYLINDRICAL_SURFACE('',#2241,1.45);
#2241 = AXIS2_PLACEMENT_3D('',#2242,#2243,#2244);
#2242 = CARTESIAN_POINT('',(-39.6,12.,5.4));
#2243 = DIRECTION('',(0.,-1.,1.110223024625E-16));
#2244 = DIRECTION('',(1.,0.,0.));
#2245 = ADVANCED_FACE('',(#2246),#2249,.T.);
#2246 = FACE_BOUND('',#2247,.F.);
#2247 = EDGE_LOOP('',(#2248));
#2248 = ORIENTED_EDGE('',*,*,#2233,.F.);
#2249 = PLANE('',#2250);
#2250 = AXIS2_PLACEMENT_3D('',#2251,#2252,#2253);
#2251 = CARTESIAN_POINT('',(-39.6,12.,5.4));
#2252 = DIRECTION('',(0.,-1.,1.110223024625E-16));
#2253 = DIRECTION('',(1.,0.,0.));
#2254 = ADVANCED_FACE('',(#2255),#2274,.F.);
#2255 = FACE_BOUND('',#2256,.F.);
#2256 = EDGE_LOOP('',(#2257,#2258,#2266,#2273));
#2257 = ORIENTED_EDGE('',*,*,#2207,.F.);
#2258 = ORIENTED_EDGE('',*,*,#2259,.F.);
#2259 = EDGE_CURVE('',#2260,#2208,#2262,.T.);
#2260 = VERTEX_POINT('',#2261);
#2261 = CARTESIAN_POINT('',(41.05,12.,5.4));
#2262 = LINE('',#2263,#2264);
#2263 = CARTESIAN_POINT('',(41.05,12.,5.4));
#2264 = VECTOR('',#2265,1.);
#2265 = DIRECTION('',(0.,-1.,1.110223024625E-16));
#2266 = ORIENTED_EDGE('',*,*,#2267,.T.);
#2267 = EDGE_CURVE('',#2260,#2260,#2268,.T.);
#2268 = CIRCLE('',#2269,1.45);
#2269 = AXIS2_PLACEMENT_3D('',#2270,#2271,#2272);
#2270 = CARTESIAN_POINT('',(39.6,12.,5.4));
#2271 = DIRECTION('',(0.,-1.,1.110223024625E-16));
#2272 = DIRECTION('',(1.,0.,0.));
#2273 = ORIENTED_EDGE('',*,*,#2259,.T.);
#2274 = CYLINDRICAL_SURFACE('',#2275,1.45);
#2275 = AXIS2_PLACEMENT_3D('',#2276,#2277,#2278);
#2276 = CARTESIAN_POINT('',(39.6,12.,5.4));
#2277 = DIRECTION('',(0.,-1.,1.110223024625E-16));
#2278 = DIRECTION('',(1.,0.,0.));
#2279 = ADVANCED_FACE('',(#2280),#2283,.T.);
#2280 = FACE_BOUND('',#2281,.F.);
#2281 = EDGE_LOOP('',(#2282));
#2282 = ORIENTED_EDGE('',*,*,#2267,.F.);
#2283 = PLANE('',#2284);
#2284 = AXIS2_PLACEMENT_3D('',#2285,#2286,#2287);
#2285 = CARTESIAN_POINT('',(39.6,12.,5.4));
#2286 = DIRECTION('',(0.,-1.,1.110223024625E-16));
#2287 = DIRECTION('',(1.,0.,0.));
#2288 = ADVANCED_FACE('',(#2289,#2295,#2301,#2304,#2307,#2318),#2329,.F.
  );
#2289 = FACE_BOUND('',#2290,.T.);
#2290 = EDGE_LOOP('',(#2291,#2292,#2293,#2294));
#2291 = ORIENTED_EDGE('',*,*,#31,.T.);
#2292 = ORIENTED_EDGE('',*,*,#157,.T.);
#2293 = ORIENTED_EDGE('',*,*,#223,.F.);
#2294 = ORIENTED_EDGE('',*,*,#61,.F.);
#2295 = FACE_BOUND('',#2296,.F.);
#2296 = EDGE_LOOP('',(#2297,#2298,#2299,#2300));
#2297 = ORIENTED_EDGE('',*,*,#839,.T.);
#2298 = ORIENTED_EDGE('',*,*,#863,.F.);
#2299 = ORIENTED_EDGE('',*,*,#815,.F.);
#2300 = ORIENTED_EDGE('',*,*,#791,.T.);
#2301 = FACE_BOUND('',#2302,.F.);
#2302 = EDGE_LOOP('',(#2303));
#2303 = ORIENTED_EDGE('',*,*,#1903,.F.);
#2304 = FACE_BOUND('',#2305,.F.);
#2305 = EDGE_LOOP('',(#2306));
#2306 = ORIENTED_EDGE('',*,*,#2121,.F.);
#2307 = FACE_BOUND('',#2308,.F.);
#2308 = EDGE_LOOP('',(#2309));
#2309 = ORIENTED_EDGE('',*,*,#2310,.F.);
#2310 = EDGE_CURVE('',#2311,#2311,#2313,.T.);
#2311 = VERTEX_POINT('',#2312);
#2312 = CARTESIAN_POINT('',(-38.15,75.,5.4));
#2313 = CIRCLE('',#2314,1.45);
#2314 = AXIS2_PLACEMENT_3D('',#2315,#2316,#2317);
#2315 = CARTESIAN_POINT('',(-39.6,75.,5.4));
#2316 = DIRECTION('',(0.,-1.,1.110223024625E-16));
#2317 = DIRECTION('',(1.,0.,0.));
#2318 = FACE_BOUND('',#2319,.F.);
#2319 = EDGE_LOOP('',(#2320));
#2320 = ORIENTED_EDGE('',*,*,#2321,.F.);
#2321 = EDGE_CURVE('',#2322,#2322,#2324,.T.);
#2322 = VERTEX_POINT('',#2323);
#2323 = CARTESIAN_POINT('',(41.05,75.,5.4));
#2324 = CIRCLE('',#2325,1.45);
#2325 = AXIS2_PLACEMENT_3D('',#2326,#2327,#2328);
#2326 = CARTESIAN_POINT('',(39.6,75.,5.4));
#2327 = DIRECTION('',(0.,-1.,1.110223024625E-16));
#2328 = DIRECTION('',(1.,0.,0.));
#2329 = PLANE('',#2330);
#2330 = AXIS2_PLACEMENT_3D('',#2331,#2332,#2333);
#2331 = CARTESIAN_POINT('',(-45.,75.,0.));
#2332 = DIRECTION('',(0.,-1.,1.110223024625E-16));
#2333 = DIRECTION('',(1.,0.,0.));
#2334 = ADVANCED_FACE('',(#2335),#2354,.F.);
#2335 = FACE_BOUND('',#2336,.F.);
#2336 = EDGE_LOOP('',(#2337,#2346,#2352,#2353));
#2337 = ORIENTED_EDGE('',*,*,#2338,.F.);
#2338 = EDGE_CURVE('',#2339,#2339,#2341,.T.);
#2339 = VERTEX_POINT('',#2340);
#2340 = CARTESIAN_POINT('',(-38.15,63.,5.4));
#2341 = CIRCLE('',#2342,1.45);
#2342 = AXIS2_PLACEMENT_3D('',#2343,#2344,#2345);
#2343 = CARTESIAN_POINT('',(-39.6,63.,5.4));
#2344 = DIRECTION('',(0.,-1.,1.110223024625E-16));
#2345 = DIRECTION('',(1.,0.,0.));
#2346 = ORIENTED_EDGE('',*,*,#2347,.F.);
#2347 = EDGE_CURVE('',#2311,#2339,#2348,.T.);
#2348 = LINE('',#2349,#2350);
#2349 = CARTESIAN_POINT('',(-38.15,75.,5.4));
#2350 = VECTOR('',#2351,1.);
#2351 = DIRECTION('',(0.,-1.,1.110223024625E-16));
#2352 = ORIENTED_EDGE('',*,*,#2310,.T.);
#2353 = ORIENTED_EDGE('',*,*,#2347,.T.);
#2354 = CYLINDRICAL_SURFACE('',#2355,1.45);
#2355 = AXIS2_PLACEMENT_3D('',#2356,#2357,#2358);
#2356 = CARTESIAN_POINT('',(-39.6,75.,5.4));
#2357 = DIRECTION('',(0.,-1.,1.110223024625E-16));
#2358 = DIRECTION('',(1.,0.,0.));
#2359 = ADVANCED_FACE('',(#2360),#2363,.F.);
#2360 = FACE_BOUND('',#2361,.F.);
#2361 = EDGE_LOOP('',(#2362));
#2362 = ORIENTED_EDGE('',*,*,#2338,.T.);
#2363 = PLANE('',#2364);
#2364 = AXIS2_PLACEMENT_3D('',#2365,#2366,#2367);
#2365 = CARTESIAN_POINT('',(-39.6,63.,5.4));
#2366 = DIRECTION('',(0.,-1.,1.110223024625E-16));
#2367 = DIRECTION('',(1.,0.,0.));
#2368 = ADVANCED_FACE('',(#2369),#2388,.F.);
#2369 = FACE_BOUND('',#2370,.F.);
#2370 = EDGE_LOOP('',(#2371,#2380,#2386,#2387));
#2371 = ORIENTED_EDGE('',*,*,#2372,.F.);
#2372 = EDGE_CURVE('',#2373,#2373,#2375,.T.);
#2373 = VERTEX_POINT('',#2374);
#2374 = CARTESIAN_POINT('',(41.05,63.,5.4));
#2375 = CIRCLE('',#2376,1.45);
#2376 = AXIS2_PLACEMENT_3D('',#2377,#2378,#2379);
#2377 = CARTESIAN_POINT('',(39.6,63.,5.4));
#2378 = DIRECTION('',(0.,-1.,1.110223024625E-16));
#2379 = DIRECTION('',(1.,0.,0.));
#2380 = ORIENTED_EDGE('',*,*,#2381,.F.);
#2381 = EDGE_CURVE('',#2322,#2373,#2382,.T.);
#2382 = LINE('',#2383,#2384);
#2383 = CARTESIAN_POINT('',(41.05,75.,5.4));
#2384 = VECTOR('',#2385,1.);
#2385 = DIRECTION('',(0.,-1.,1.110223024625E-16));
#2386 = ORIENTED_EDGE('',*,*,#2321,.T.);
#2387 = ORIENTED_EDGE('',*,*,#2381,.T.);
#2388 = CYLINDRICAL_SURFACE('',#2389,1.45);
#2389 = AXIS2_PLACEMENT_3D('',#2390,#2391,#2392);
#2390 = CARTESIAN_POINT('',(39.6,75.,5.4));
#2391 = DIRECTION('',(0.,-1.,1.110223024625E-16));
#2392 = DIRECTION('',(1.,0.,0.));
#2393 = ADVANCED_FACE('',(#2394),#2397,.F.);
#2394 = FACE_BOUND('',#2395,.F.);
#2395 = EDGE_LOOP('',(#2396));
#2396 = ORIENTED_EDGE('',*,*,#2372,.T.);
#2397 = PLANE('',#2398);
#2398 = AXIS2_PLACEMENT_3D('',#2399,#2400,#2401);
#2399 = CARTESIAN_POINT('',(39.6,63.,5.4));
#2400 = DIRECTION('',(0.,-1.,1.110223024625E-16));
#2401 = DIRECTION('',(1.,0.,0.));
#2402 = ADVANCED_FACE('',(#2403),#2411,.F.);
#2403 = FACE_BOUND('',#2404,.F.);
#2404 = EDGE_LOOP('',(#2405,#2406,#2407,#2408,#2409,#2410));
#2405 = ORIENTED_EDGE('',*,*,#278,.T.);
#2406 = ORIENTED_EDGE('',*,*,#913,.F.);
#2407 = ORIENTED_EDGE('',*,*,#904,.F.);
#2408 = ORIENTED_EDGE('',*,*,#300,.F.);
#2409 = ORIENTED_EDGE('',*,*,#97,.T.);
#2410 = ORIENTED_EDGE('',*,*,#142,.T.);
#2411 = CYLINDRICAL_SURFACE('',#2412,30.3);
#2412 = AXIS2_PLACEMENT_3D('',#2413,#2414,#2415);
#2413 = CARTESIAN_POINT('',(0.,37.5,-1.));
#2414 = DIRECTION('',(0.,1.110223024625E-16,1.));
#2415 = DIRECTION('',(0.,-1.,1.110223024625E-16));
#2416 = ADVANCED_FACE('',(#2417),#2425,.T.);
#2417 = FACE_BOUND('',#2418,.T.);
#2418 = EDGE_LOOP('',(#2419,#2420,#2421,#2422,#2423,#2424));
#2419 = ORIENTED_EDGE('',*,*,#930,.F.);
#2420 = ORIENTED_EDGE('',*,*,#309,.F.);
#2421 = ORIENTED_EDGE('',*,*,#116,.T.);
#2422 = ORIENTED_EDGE('',*,*,#125,.T.);
#2423 = ORIENTED_EDGE('',*,*,#269,.T.);
#2424 = ORIENTED_EDGE('',*,*,#921,.F.);
#2425 = CYLINDRICAL_SURFACE('',#2426,28.1);
#2426 = AXIS2_PLACEMENT_3D('',#2427,#2428,#2429);
#2427 = CARTESIAN_POINT('',(0.,37.5,-1.2));
#2428 = DIRECTION('',(0.,1.110223024625E-16,1.));
#2429 = DIRECTION('',(0.,-1.,1.110223024625E-16));
#2430 = ( GEOMETRIC_REPRESENTATION_CONTEXT(3) 
GLOBAL_UNCERTAINTY_ASSIGNED_CONTEXT((#2434)) 
GLOBAL_UNIT_ASSIGNED_CONTEXT((#2431,#2432,#2433)) REPRESENTATION_CONTEXT
('Context #1','3D Context with UNIT and UNCERTAINTY') );
#2431 = ( LENGTH_UNIT() NAMED_UNIT(*) SI_UNIT(.MILLI.,.METRE.) );
#2432 = ( NAMED_UNIT(*) PLANE_ANGLE_UNIT() SI_UNIT($,.RADIAN.) );
#2433 = ( NAMED_UNIT(*) SI_UNIT($,.STERADIAN.) SOLID_ANGLE_UNIT() );
#2434 = UNCERTAINTY_MEASURE_WITH_UNIT(LENGTH_MEASURE(1.E-07),#2431,
  'distance_accuracy_value','confusion accuracy');
#2435 = PRODUCT_RELATED_PRODUCT_CATEGORY('part',$,(#7));
ENDSEC;
END-ISO-10303-21;
